customer_id,age,gender,region,tenure_months,annual_spend_usd,num_purchases,avg_order_value,returns_count,loyalty_tier,last_purchase_days,email_opt_in,churned
C00001,67.0,Male,South,11,3721.94,81,40.41,6,Bronze,28.0,True,0
C00002,27.0,Male,East,93,16984.5,74,234.55,9,Silver,184.0,False,0
C00003,54.0,Female,North,79,4843.26,56,73.22,7,Silver,209.0,True,0
C00004,,Male,West,53,7987.33,89,84.64,6,Silver,268.0,True,0
C00005,,Male,East,52,3518.88,13,319.82,5,Bronze,209.0,False,0
C00006,24.0,Female,East,104,21736.63,93,202.53,2,Bronze,69.0,False,0
C00007,45.0,Female,North,11,39536.56,86,461.71,3,Silver,134.0,True,0
C00008,54.0,Female,East,84,7269.49,51,166.39,8,Bronze,162.0,False,0
C00009,37.0,Female,North,25,23310.55,74,365.83,0,Gold,360.0,False,0
C00010,68.0,Female,West,12,13442.85,53,235.94,0,Bronze,195.0,True,0
C00011,48.0,Female,East,64,7371.57,27,333.38,4,Silver,232.0,False,0
C00012,39.0,Female,South,118,22233.01,80,303.85,8,Silver,269.0,False,0
C00013,19.0,Male,West,89,5171.01,25,241.66,7,Gold,133.0,False,1
C00014,27.0,Female,West,92,14858.31,32,475.53,6,Bronze,353.0,True,1
C00015,45.0,Male,North,87,8935.39,52,177.93,5,Bronze,247.0,True,0
C00016,41.0,Male,North,95,8206.59,84,96.85,1,Bronze,310.0,True,0
C00017,68.0,Male,South,62,12171.92,39,342.27,3,Silver,274.0,False,0
C00018,63.0,Female,North,16,17253.68,50,424.54,0,Bronze,227.0,False,0
C00019,27.0,Female,East,101,155.4,5,29.72,8,Gold,12.0,True,0
C00020,52.0,Female,East,55,2624.23,12,230.32,8,Bronze,214.0,True,0
C00021,44.0,Other,East,61,2846.39,6,447.32,2,Bronze,48.0,True,0
C00022,23.0,Female,North,45,2545.99,8,377.31,3,Silver,221.0,True,0
C00023,56.0,Male,West,22,34758.71,87,495.99,3,Gold,257.0,False,0
C00024,49.0,Female,West,112,20669.15,85,270.39,9,Gold,199.0,True,0
C00025,23.0,Female,East,94,27191.23,83,333.4,5,Gold,113.0,True,0
C00026,45.0,Female,North,78,909.1,6,158.22,8,Silver,22.0,True,0
C00027,60.0,Male,South,49,4265.27,8,474.29,4,Gold,,True,0
C00028,36.0,Male,East,99,5226.96,29,189.5,7,Silver,255.0,False,0
C00029,,Female,East,66,21454.69,57,371.87,5,Bronze,175.0,False,0
C00030,24.0,Male,North,54,7320.31,34,207.54,3,Silver,262.0,True,0
C00031,29.0,Male,West,55,11305.44,49,285.29,9,Gold,285.0,True,0
C00032,74.0,Male,West,28,6567.94,18,362.69,7,Bronze,188.0,True,0
C00033,54.0,Male,East,12,18002.79,74,259.38,8,Silver,18.0,True,0
C00034,28.0,Male,South,67,14085.11,32,454.47,10,Silver,318.0,True,0
C00035,45.0,Other,East,107,1267.08,7,215.46,2,Silver,171.0,True,0
C00036,29.0,Female,North,8,27305.31,75,327.07,1,Bronze,246.0,False,1
C00037,43.0,Female,East,103,19038.72,91,177.76,6,Silver,333.0,True,0
C00038,26.0,Male,North,100,339.74,2,210.0,3,Gold,133.0,True,0
C00039,53.0,Male,North,34,10329.82,44,225.62,4,Bronze,228.0,True,0
C00040,51.0,Male,East,76,6574.58,83,71.65,2,Bronze,8.0,False,0
C00041,54.0,Male,East,20,,71,54.94,4,Bronze,324.0,True,0
C00042,43.0,Male,West,91,32322.29,86,337.07,4,Bronze,22.0,True,0
C00043,34.0,Female,East,85,14646.84,42,331.2,3,Platinum,198.0,False,0
C00044,32.0,Other,West,43,14907.73,38,334.83,8,Silver,129.0,True,0
C00045,30.0,Female,West,9,1666.97,71,19.69,6,Bronze,14.0,False,0
C00046,42.0,Male,South,117,2222.2,16,170.01,5,Bronze,169.0,True,0
C00047,44.0,Male,West,54,2509.8,24,106.93,1,Platinum,342.0,False,0
C00048,57.0,Male,South,108,24317.3,61,391.29,6,Bronze,61.0,False,1
C00049,21.0,Male,East,82,24837.45,67,431.71,1,Gold,107.0,True,0
C00050,34.0,Female,North,94,1467.6,12,130.87,3,Bronze,70.0,False,0
C00051,67.0,Male,North,92,,51,337.25,4,Bronze,46.0,True,0
C00052,71.0,Female,East,24,,37,73.39,1,Silver,85.0,False,0
C00053,71.0,Female,South,44,7245.51,51,144.82,4,Bronze,209.0,False,0
C00054,35.0,Male,East,57,8507.77,96,77.94,2,Silver,285.0,False,0
C00055,25.0,Male,North,60,1107.52,8,148.93,9,Bronze,252.0,False,0
C00056,29.0,Male,South,6,33786.76,100,340.62,9,Gold,282.0,True,1
C00057,25.0,Male,East,66,,45,456.06,0,Gold,262.0,True,0
C00058,73.0,Female,East,19,8435.09,78,109.24,6,Gold,140.0,True,1
C00059,69.0,Female,West,90,10101.98,43,275.62,7,Bronze,329.0,False,0
C00060,65.0,Female,West,82,9288.36,32,353.68,4,Gold,63.0,False,0
C00061,60.0,Female,West,111,43828.43,78,476.93,5,Platinum,256.0,True,0
C00062,37.0,Male,North,90,19319.35,69,308.93,8,Bronze,41.0,True,0
C00063,45.0,Male,East,44,2028.29,15,135.0,4,Bronze,280.0,True,0
C00064,66.0,Male,North,117,18791.29,71,316.48,0,Gold,32.0,False,0
C00065,65.0,Male,South,50,12307.36,76,167.04,4,Bronze,79.0,False,1
C00066,48.0,Female,North,40,22320.02,39,488.3,2,Silver,143.0,True,0
C00067,66.0,Female,South,109,19161.6,93,205.84,4,Gold,254.0,True,0
C00068,38.0,Male,North,45,26717.52,65,345.86,2,Bronze,17.0,True,0
C00069,41.0,Male,East,10,656.8,34,21.38,1,Silver,94.0,True,1
C00070,66.0,Male,North,57,412.81,2,206.03,10,Silver,122.0,False,0
C00071,39.0,Female,East,96,34129.53,68,438.8,1,Bronze,267.0,True,0
C00072,61.0,Male,East,23,6354.89,21,309.01,7,Gold,351.0,True,0
C00073,44.0,Male,North,56,15767.01,76,227.53,7,Bronze,225.0,True,0
C00074,35.0,Male,North,16,28367.81,53,468.61,6,Bronze,186.0,True,0
C00075,30.0,Female,West,83,19250.23,47,428.45,10,Gold,123.0,False,0
C00076,53.0,Female,East,58,2889.21,17,167.89,0,Bronze,301.0,True,0
C00077,45.0,Female,South,40,23730.97,72,276.83,3,Gold,40.0,True,0
C00078,39.0,Male,West,28,3717.17,17,250.01,2,Bronze,48.0,True,0
C00079,61.0,Male,North,68,12363.82,42,319.78,6,Silver,74.0,False,0
C00080,18.0,Female,West,81,11854.65,84,173.71,6,Bronze,98.0,False,0
C00081,23.0,Male,North,113,11536.68,93,129.66,9,Silver,169.0,True,0
C00082,73.0,Male,East,53,39835.46,99,457.21,4,Gold,346.0,True,0
C00083,56.0,Female,North,20,47618.0,96,462.7,2,Gold,238.0,True,0
C00084,49.0,Male,North,100,20679.7,56,423.23,10,Platinum,140.0,True,0
C00085,,Male,South,76,10994.25,21,489.32,7,Silver,78.0,True,1
C00086,52.0,Female,North,85,28523.59,84,375.05,8,Gold,237.0,False,0
C00087,43.0,Female,South,12,29355.33,81,384.69,4,Silver,93.0,False,0
C00088,52.0,Male,North,38,36047.49,100,383.67,4,Platinum,357.0,True,0
C00089,20.0,Male,North,93,17607.81,66,245.5,4,Silver,175.0,True,0
C00090,49.0,Female,West,100,3457.95,15,233.66,8,Gold,202.0,True,0
C00091,51.0,Male,West,53,6151.85,51,127.71,2,Bronze,330.0,True,0
C00092,34.0,Male,West,97,16737.14,45,325.96,10,Silver,112.0,True,0
C00093,21.0,Female,North,102,13271.73,85,151.77,1,Gold,173.0,True,0
C00094,74.0,Female,South,47,4828.98,40,136.33,5,Bronze,195.0,False,0
C00095,59.0,Other,South,108,11374.11,33,297.12,3,Bronze,99.0,True,0
C00096,54.0,Male,South,35,1778.55,9,210.89,7,Platinum,20.0,False,1
C00097,62.0,Male,South,29,8032.08,84,117.24,7,Silver,104.0,True,1
C00098,56.0,Female,East,82,31082.84,76,409.87,10,Bronze,42.0,True,0
C00099,25.0,Female,South,77,1833.72,5,431.68,8,Bronze,247.0,True,1
C00100,44.0,Male,South,17,3631.22,44,92.17,2,Bronze,3.0,False,0
C00101,69.0,Female,West,100,721.55,48,13.68,2,Silver,116.0,True,0
C00102,34.0,Male,West,24,6998.16,47,174.7,9,Platinum,323.0,True,0
C00103,74.0,Female,South,97,41398.79,92,400.78,5,Platinum,208.0,False,0
C00104,21.0,Female,North,1,7916.96,16,421.2,1,Silver,246.0,False,0
C00105,37.0,Male,East,96,2513.93,31,77.78,9,Silver,245.0,False,1
C00106,38.0,Other,South,95,8021.56,19,389.42,7,Bronze,109.0,True,0
C00107,53.0,Other,West,94,1809.96,25,66.7,0,Gold,231.0,True,0
C00108,28.0,Male,South,80,21910.74,91,201.13,8,Bronze,81.0,False,0
C00109,31.0,Male,North,57,44428.72,95,499.32,6,Bronze,232.0,True,0
C00110,56.0,Female,North,85,451.47,5,104.37,6,Platinum,250.0,True,0
C00111,34.0,Male,North,34,5510.08,64,85.44,9,Gold,320.0,True,0
C00112,68.0,Male,South,94,5281.4,24,217.17,5,Bronze,336.0,True,0
C00113,68.0,Male,South,67,5464.64,20,313.64,5,Silver,9.0,False,0
C00114,35.0,Female,West,56,14647.63,30,467.12,6,Silver,110.0,False,1
C00115,50.0,Male,West,61,,20,490.6,2,Bronze,200.0,True,0
C00116,37.0,Female,North,69,2583.37,50,44.12,1,Bronze,118.0,False,0
C00117,38.0,Male,West,5,7031.05,100,77.62,9,Bronze,226.0,True,0
C00118,56.0,Male,East,17,19131.19,59,397.46,2,Silver,312.0,True,0
C00119,35.0,Female,South,30,8779.2,73,142.61,5,Silver,95.0,True,0
C00120,26.0,Male,South,14,19874.59,50,443.58,2,Silver,327.0,False,1
C00121,33.0,Male,South,53,609.57,2,335.09,2,Bronze,322.0,True,0
C00122,71.0,Male,North,81,474.21,9,64.8,6,Platinum,334.0,True,0
C00123,33.0,Female,West,79,10288.44,27,417.94,8,Silver,27.0,False,0
C00124,39.0,Male,North,57,2114.22,25,96.41,4,Gold,108.0,True,0
C00125,54.0,Male,North,103,17590.71,85,217.51,1,Bronze,46.0,False,0
C00126,23.0,Male,South,68,22753.02,85,280.57,2,Silver,44.0,True,0
C00127,33.0,Male,North,10,,86,255.38,1,Gold,20.0,True,1
C00128,28.0,Male,North,92,20632.93,64,346.22,9,Bronze,161.0,False,0
C00129,71.0,Female,South,69,15438.87,56,329.82,3,Bronze,32.0,True,0
C00130,72.0,Male,South,77,26122.31,65,496.1,4,Bronze,108.0,True,0
C00131,61.0,Male,North,68,18047.23,41,499.72,0,Bronze,359.0,True,0
C00132,32.0,Female,West,67,19725.22,68,263.07,4,Silver,323.0,False,0
C00133,53.0,Female,West,11,5421.74,80,56.65,10,Bronze,343.0,False,1
C00134,56.0,Male,East,68,33070.42,77,366.64,4,Bronze,14.0,False,0
C00135,,Male,East,96,30342.46,62,488.57,7,Silver,242.0,True,0
C00136,27.0,Male,West,37,1008.56,6,165.98,2,Bronze,232.0,True,0
C00137,60.0,Female,South,73,15949.57,73,235.99,1,Bronze,49.0,True,0
C00138,29.0,Male,South,4,8955.59,37,218.14,8,Silver,331.0,True,0
C00139,50.0,Male,North,42,2919.58,75,35.2,0,Bronze,148.0,False,0
C00140,68.0,Male,East,53,20852.09,54,339.41,4,Bronze,357.0,True,0
C00141,21.0,Male,North,118,,89,183.14,3,Bronze,42.0,True,0
C00142,26.0,Male,East,26,13105.8,34,395.86,0,Bronze,238.0,True,0
C00143,65.0,Male,West,34,43459.38,94,417.74,5,Silver,48.0,True,0
C00144,19.0,Female,North,50,39350.2,85,412.4,10,Bronze,,True,0
C00145,57.0,Female,East,120,6723.88,34,214.17,0,Bronze,222.0,True,0
C00146,47.0,Female,South,103,9620.15,49,167.56,8,Platinum,28.0,True,0
C00147,38.0,Female,South,5,,54,376.92,5,Platinum,79.0,True,0
C00148,68.0,Male,East,29,37136.56,77,402.68,7,Bronze,132.0,True,0
C00149,67.0,Female,North,99,19168.67,69,250.72,1,Bronze,5.0,False,0
C00150,36.0,Female,West,7,32230.29,86,447.59,9,Silver,4.0,True,1
C00151,18.0,Female,South,103,3165.42,37,80.52,0,Gold,338.0,True,0
C00152,25.0,Female,South,34,18289.5,51,440.74,9,Gold,359.0,True,0
C00153,24.0,Male,West,111,2783.44,44,57.09,7,Bronze,196.0,True,0
C00154,74.0,Male,North,36,8684.23,91,85.23,3,Bronze,330.0,False,0
C00155,52.0,Male,South,53,8763.86,31,271.58,0,Silver,240.0,True,0
C00156,57.0,Male,West,80,2904.54,59,43.08,6,Gold,11.0,False,0
C00157,31.0,Male,South,16,391.41,13,35.88,0,Gold,261.0,False,0
C00158,67.0,Male,North,67,802.49,86,10.25,6,Bronze,7.0,True,0
C00159,59.0,Male,South,61,8428.57,39,223.8,8,Silver,299.0,True,0
C00160,61.0,Female,West,95,11139.52,35,389.57,2,Bronze,134.0,True,0
C00161,45.0,Female,West,120,1564.05,59,27.07,2,Silver,52.0,True,0
C00162,58.0,Female,West,80,14932.74,50,329.61,2,Platinum,95.0,True,0
C00163,49.0,Male,South,50,33625.63,85,413.33,2,Silver,250.0,True,0
C00164,40.0,Female,West,49,4835.93,54,92.32,1,Bronze,310.0,True,0
C00165,52.0,Female,South,51,4908.73,52,81.96,2,Silver,209.0,True,0
C00166,36.0,Female,West,98,4313.37,11,431.79,7,Silver,59.0,False,0
C00167,73.0,Female,West,39,1435.29,3,413.33,3,Gold,,False,0
C00168,59.0,Male,North,21,10638.56,40,274.08,8,Bronze,289.0,False,0
C00169,60.0,Male,West,41,38307.33,100,411.41,9,Gold,150.0,True,0
C00170,59.0,Female,East,3,5106.53,92,55.45,8,Bronze,203.0,True,1
C00171,44.0,Other,East,13,12386.49,63,203.3,5,Bronze,352.0,False,0
C00172,73.0,Male,West,11,21469.67,64,371.52,3,Bronze,138.0,False,0
C00173,,Male,North,93,5451.84,40,136.15,10,Bronze,10.0,True,0
C00174,50.0,Male,East,87,5866.26,18,378.64,2,Bronze,54.0,True,0
C00175,22.0,Male,North,84,241.83,1,257.05,5,Silver,220.0,True,0
C00176,35.0,Other,South,56,13177.3,34,377.63,4,Bronze,365.0,False,0
C00177,51.0,Female,North,87,7342.63,32,237.69,8,Bronze,271.0,True,0
C00178,46.0,Male,North,20,4298.45,20,190.27,6,Bronze,226.0,True,0
C00179,72.0,Male,West,109,2755.37,26,117.4,8,Bronze,118.0,True,0
C00180,53.0,Male,South,61,399.53,3,112.11,10,Gold,161.0,True,0
C00181,41.0,Male,South,113,25699.68,61,378.23,4,Platinum,15.0,True,0
C00182,42.0,Female,South,19,7536.63,93,68.27,9,Bronze,,False,0
C00183,53.0,Female,East,60,4142.66,70,52.13,1,Gold,228.0,True,0
C00184,63.0,Female,East,84,3716.21,45,96.38,10,Gold,331.0,True,0
C00185,34.0,Male,East,60,4168.21,43,95.92,1,Platinum,337.0,True,0
C00186,51.0,Female,West,54,11121.5,31,413.32,9,Bronze,300.0,False,0
C00187,51.0,Female,South,20,3470.99,15,205.27,4,Bronze,8.0,True,0
C00188,18.0,Male,West,46,30717.83,60,495.29,10,Silver,297.0,True,1
C00189,70.0,Female,West,29,3985.58,57,77.23,1,Gold,80.0,True,0
C00190,51.0,Female,East,37,386.98,1,330.23,5,Gold,225.0,False,0
C00191,32.0,Female,North,83,8168.81,42,229.88,9,Silver,346.0,False,0
C00192,54.0,Male,South,76,5815.7,28,202.53,0,Bronze,325.0,False,0
C00193,57.0,Male,East,73,8596.55,18,438.79,2,Gold,243.0,True,0
C00194,71.0,Female,South,44,28536.33,71,488.04,0,Gold,110.0,False,0
C00195,19.0,Male,South,116,,53,437.7,3,Bronze,191.0,False,0
C00196,41.0,Male,South,11,7513.64,64,104.23,4,Silver,257.0,True,0
C00197,28.0,Female,North,42,7037.6,72,118.19,6,Silver,,True,0
C00198,51.0,Male,North,15,32977.23,99,331.48,2,Silver,148.0,True,0
C00199,47.0,Male,West,41,11097.33,81,151.65,1,Silver,148.0,True,0
C00200,45.0,Other,North,116,24830.45,63,370.02,1,Gold,219.0,True,0
C00201,74.0,Female,West,44,21444.74,88,287.55,10,Platinum,14.0,True,1
C00202,48.0,Female,South,110,15786.77,48,279.95,10,Silver,365.0,False,0
C00203,41.0,Female,West,60,47685.45,99,415.99,2,Bronze,38.0,True,0
C00204,21.0,Male,South,84,24114.2,77,358.16,2,Bronze,360.0,True,0
C00205,,Male,West,55,1411.91,66,23.02,0,Bronze,13.0,True,0
C00206,70.0,Female,East,32,3224.12,91,34.23,10,Bronze,188.0,True,0
C00207,44.0,Male,West,92,17229.82,52,304.76,7,Bronze,153.0,True,0
C00208,70.0,Male,North,117,17705.14,73,248.23,8,Silver,210.0,True,0
C00209,48.0,Male,West,32,3439.03,29,137.49,3,Bronze,159.0,True,0
C00210,49.0,Female,South,94,17564.26,97,215.14,7,Bronze,328.0,False,0
C00211,42.0,Male,South,32,,63,381.38,0,Gold,7.0,True,0
C00212,50.0,Female,North,87,32202.59,79,415.04,7,Bronze,360.0,False,0
C00213,21.0,Male,West,95,,47,285.0,6,Silver,252.0,False,1
C00214,21.0,Female,East,54,17176.26,87,198.83,3,Platinum,285.0,True,0
C00215,,Male,West,89,1333.9,8,142.64,7,Silver,52.0,True,0
C00216,52.0,Male,East,33,2663.05,12,265.74,7,Bronze,24.0,True,1
C00217,49.0,Female,North,10,7082.58,51,164.23,4,Bronze,145.0,False,1
C00218,42.0,Female,South,12,,74,286.41,2,Silver,118.0,True,0
C00219,35.0,Male,South,54,32618.56,81,341.56,0,Silver,286.0,True,0
C00220,59.0,Male,North,109,1765.76,45,42.38,10,Bronze,328.0,False,0
C00221,53.0,Male,West,16,644.18,65,10.52,3,Silver,157.0,True,0
C00222,20.0,Male,West,55,6263.68,56,114.02,3,Silver,281.0,False,0
C00223,44.0,Female,East,85,42027.75,97,448.31,7,Bronze,22.0,True,0
C00224,59.0,Male,East,25,18887.72,66,326.68,2,Silver,271.0,False,0
C00225,63.0,Female,East,87,4589.77,42,94.26,4,Bronze,37.0,True,0
C00226,34.0,Male,East,37,39013.15,97,446.23,7,Bronze,244.0,True,0
C00227,71.0,Female,North,98,2860.1,11,240.28,6,Gold,140.0,False,1
C00228,55.0,Male,East,70,19914.75,99,243.28,7,Bronze,152.0,True,0
C00229,43.0,Male,West,66,6111.95,16,468.42,0,Silver,101.0,False,0
C00230,54.0,Male,West,22,1205.17,29,39.15,4,Silver,148.0,False,0
C00231,68.0,Female,East,56,8964.53,83,115.44,5,Bronze,320.0,True,0
C00232,31.0,Female,West,103,23347.03,74,297.03,6,Platinum,296.0,True,1
C00233,26.0,Female,East,3,8683.84,98,105.79,1,Bronze,125.0,False,0
C00234,43.0,Male,South,92,30351.32,75,342.97,1,Bronze,108.0,True,0
C00235,22.0,Male,South,60,8085.29,64,114.91,8,Platinum,186.0,False,0
C00236,66.0,Male,East,87,2359.29,35,58.59,7,Gold,250.0,True,1
C00237,74.0,Male,West,80,95.22,1,111.42,8,Silver,67.0,False,0
C00238,53.0,Female,North,52,2619.76,13,217.14,2,Bronze,266.0,True,0
C00239,74.0,Female,South,38,2737.14,30,96.31,10,Bronze,347.0,False,0
C00240,21.0,Female,East,76,385.65,5,76.0,3,Silver,309.0,True,0
C00241,54.0,Female,West,17,20220.29,51,431.54,7,Bronze,201.0,True,0
C00242,43.0,Male,South,71,,78,166.99,1,Bronze,117.0,False,0
C00243,,Male,East,12,17166.49,97,186.77,10,Gold,119.0,False,1
C00244,36.0,Female,North,78,1638.53,49,37.08,3,Bronze,271.0,True,0
C00245,49.0,Male,South,76,15546.36,88,185.11,8,Bronze,167.0,False,0
C00246,55.0,Male,West,11,12159.06,99,139.76,3,Bronze,39.0,True,1
C00247,27.0,Female,East,91,24053.95,86,309.14,8,Silver,248.0,True,0
C00248,53.0,Other,West,50,5464.14,47,110.64,4,Silver,51.0,True,0
C00249,71.0,Female,North,95,14037.47,33,445.3,0,Gold,361.0,True,0
C00250,18.0,Male,South,5,42801.3,98,465.54,2,Bronze,153.0,True,0
C00251,68.0,Female,West,22,1492.98,25,58.92,7,Bronze,125.0,True,0
C00252,53.0,Male,West,60,2916.51,42,62.63,2,Silver,21.0,True,0
C00253,37.0,Male,West,23,506.3,8,66.51,3,Bronze,62.0,False,0
C00254,60.0,Male,South,40,25965.45,80,313.59,5,Silver,346.0,False,0
C00255,53.0,Female,West,80,5379.98,65,69.76,2,Platinum,197.0,False,0
C00256,62.0,Female,South,18,3882.87,9,427.67,1,Silver,330.0,True,0
C00257,22.0,Female,West,82,10161.68,23,379.59,6,Silver,349.0,False,0
C00258,21.0,Male,West,13,25764.1,56,411.71,7,Platinum,18.0,True,0
C00259,55.0,Female,South,22,12127.79,55,267.77,8,Bronze,139.0,False,1
C00260,35.0,Male,South,71,39223.12,81,498.37,10,Platinum,306.0,True,0
C00261,31.0,Female,West,96,922.34,27,31.65,1,Silver,181.0,True,1
C00262,42.0,Male,South,21,22956.66,93,206.62,4,Silver,186.0,True,0
C00263,60.0,Male,South,36,7466.43,45,168.73,2,Platinum,209.0,False,0
C00264,28.0,Female,East,112,32992.11,83,474.84,9,Silver,257.0,False,0
C00265,74.0,Male,West,119,7198.06,24,292.66,5,Silver,343.0,False,0
C00266,42.0,Female,North,70,1378.12,4,405.03,1,Bronze,324.0,False,0
C00267,26.0,Male,West,54,617.24,6,93.47,7,Silver,229.0,False,0
C00268,22.0,Female,South,42,18659.26,38,489.53,0,Silver,211.0,True,0
C00269,67.0,Male,North,74,26597.77,96,254.33,3,Bronze,132.0,False,0
C00270,24.0,Male,South,71,1445.58,5,251.9,7,Gold,43.0,True,0
C00271,42.0,Male,South,36,18898.99,37,485.73,5,Silver,259.0,True,0
C00272,56.0,Male,East,3,2259.4,11,196.56,8,Bronze,1.0,True,1
C00273,47.0,Female,East,19,21210.48,94,204.79,6,Bronze,255.0,False,0
C00274,33.0,Male,North,116,22926.15,68,296.53,9,Silver,182.0,False,0
C00275,24.0,Male,South,51,6428.69,77,72.75,6,Bronze,288.0,True,0
C00276,59.0,Female,North,58,9813.77,72,167.33,0,Bronze,347.0,True,0
C00277,46.0,Male,South,57,7063.49,66,104.67,0,Silver,202.0,True,0
C00278,20.0,Female,East,94,4191.04,78,60.61,8,Bronze,210.0,False,0
C00279,28.0,Female,West,8,497.03,1,434.41,0,Bronze,178.0,False,0
C00280,50.0,Male,North,10,27535.91,87,298.77,4,Silver,137.0,True,1
C00281,27.0,Female,East,34,13306.87,74,185.75,0,Bronze,33.0,True,0
C00282,40.0,Male,South,59,13617.45,74,210.25,3,Platinum,12.0,True,0
C00283,25.0,Male,South,81,8287.25,40,221.44,6,Platinum,264.0,True,1
C00284,64.0,Male,East,59,28053.79,81,320.24,1,Silver,334.0,True,0
C00285,54.0,Female,North,53,15960.16,39,464.12,5,Platinum,20.0,True,0
C00286,63.0,Female,West,113,1955.66,5,467.06,10,Gold,120.0,True,1
C00287,21.0,Female,South,20,21217.23,91,201.83,0,Bronze,222.0,True,1
C00288,39.0,Other,North,69,4546.75,24,171.34,0,Gold,258.0,False,0
C00289,33.0,Male,West,66,2235.97,11,231.01,2,Bronze,269.0,True,0
C00290,54.0,Female,West,57,16653.43,63,288.29,9,Silver,254.0,True,0
C00291,65.0,Female,East,97,6741.8,24,236.29,4,Silver,31.0,False,0
C00292,31.0,Female,East,33,31003.23,86,332.79,7,Bronze,93.0,False,0
C00293,62.0,Female,North,115,13235.03,45,281.66,0,Bronze,172.0,True,0
C00294,51.0,Other,South,40,154.29,1,167.15,8,Platinum,24.0,True,0
C00295,65.0,Male,South,66,15839.46,96,179.41,0,Bronze,126.0,False,0
C00296,22.0,Female,West,63,8293.94,52,195.51,7,Bronze,141.0,True,0
C00297,75.0,Female,South,102,1661.09,27,56.37,1,Bronze,358.0,False,0
C00298,43.0,Female,East,53,5077.83,68,91.37,9,Silver,116.0,True,0
C00299,34.0,Male,South,35,15777.28,54,364.33,3,Gold,355.0,True,0
C00300,28.0,Other,East,3,657.24,3,200.66,2,Gold,256.0,True,1
C00301,75.0,Male,North,44,10320.02,76,115.12,3,Silver,253.0,False,0
C00302,69.0,Female,East,100,12915.99,41,285.71,0,Bronze,300.0,True,0
C00303,25.0,Female,North,2,26312.78,70,380.21,1,Bronze,308.0,True,0
C00304,43.0,Male,East,108,12184.21,90,136.14,6,Silver,82.0,True,0
C00305,,Female,North,66,25080.57,62,415.13,3,Gold,154.0,False,0
C00306,52.0,Male,West,17,29369.21,68,464.48,3,Gold,193.0,True,0
C00307,28.0,Female,West,37,7939.08,26,302.72,8,Silver,357.0,False,0
C00308,38.0,Female,East,67,7883.46,24,337.78,1,Silver,15.0,False,0
C00309,39.0,Male,West,38,1560.9,42,35.76,4,Silver,,True,0
C00310,34.0,Female,West,14,47185.8,86,473.3,2,Silver,79.0,False,0
C00311,73.0,Male,North,80,,53,202.32,5,Silver,76.0,False,0
C00312,29.0,Female,East,81,13465.97,35,462.71,3,Silver,279.0,True,0
C00313,58.0,Female,South,15,21851.9,78,293.7,0,Silver,74.0,True,0
C00314,70.0,Male,West,34,919.7,86,12.26,0,Platinum,290.0,True,0
C00315,64.0,Female,West,30,2473.48,91,28.89,9,Silver,363.0,True,0
C00316,64.0,Female,West,80,9426.49,30,343.41,0,Bronze,284.0,True,0
C00317,27.0,Female,South,88,17644.55,71,285.71,8,Bronze,63.0,False,0
C00318,25.0,Female,North,88,1525.77,60,23.0,10,Silver,,False,0
C00319,63.0,Female,North,113,16818.5,45,374.3,5,Silver,160.0,True,0
C00320,61.0,Female,North,93,19969.98,40,427.55,3,Silver,202.0,True,0
C00321,61.0,Male,West,39,2470.72,12,253.24,8,Gold,285.0,True,0
C00322,42.0,Male,East,13,5514.83,28,238.22,10,Bronze,155.0,True,0
C00323,48.0,Female,South,74,670.42,55,12.68,1,Silver,61.0,True,0
C00324,18.0,Male,South,110,29286.93,89,395.46,10,Gold,362.0,False,0
C00325,34.0,Female,North,118,13547.73,87,172.05,10,Silver,331.0,False,0
C00326,48.0,Male,East,28,,19,440.59,1,Silver,239.0,True,0
C00327,25.0,Female,South,29,11584.14,68,192.8,0,Bronze,254.0,False,0
C00328,25.0,Female,West,5,2270.22,9,286.89,7,Silver,342.0,True,0
C00329,20.0,Male,North,17,9973.33,68,142.47,0,Gold,174.0,False,0
C00330,30.0,Male,West,67,3101.66,35,88.69,6,Platinum,54.0,True,0
C00331,75.0,Male,North,66,18100.74,45,389.7,0,Silver,222.0,True,0
C00332,58.0,Female,South,45,17340.43,72,253.33,7,Bronze,165.0,True,0
C00333,72.0,Female,South,38,13267.51,43,272.88,2,Silver,292.0,True,0
C00334,32.0,Male,East,100,,81,483.05,1,Gold,282.0,True,0
C00335,52.0,Female,East,56,25290.35,54,482.15,0,Bronze,173.0,True,0
C00336,69.0,Male,North,97,46184.29,100,429.26,2,Gold,135.0,False,0
C00337,38.0,Male,South,116,7484.4,64,101.93,5,Bronze,155.0,False,0
C00338,56.0,Male,East,39,8564.3,30,301.19,0,Bronze,231.0,True,0
C00339,58.0,Male,South,25,35273.24,78,440.29,8,Bronze,233.0,True,0
C00340,66.0,Female,North,115,6565.87,41,193.49,6,Bronze,187.0,False,0
C00341,74.0,Female,North,77,2791.17,54,59.54,3,Gold,195.0,True,0
C00342,,Female,East,35,4720.27,14,407.37,10,Silver,363.0,True,0
C00343,51.0,Female,South,75,,12,246.06,7,Bronze,93.0,False,0
C00344,68.0,Male,East,62,15210.93,58,286.55,7,Silver,64.0,True,0
C00345,57.0,Male,North,109,10169.1,19,491.25,1,Bronze,292.0,False,0
C00346,38.0,Female,East,31,25419.18,100,307.53,7,Bronze,342.0,True,0
C00347,54.0,Female,North,119,21490.45,86,218.24,6,Bronze,223.0,True,0
C00348,49.0,Female,East,113,15404.4,71,191.29,10,Silver,147.0,True,0
C00349,31.0,Female,West,22,13271.06,74,214.63,5,Bronze,128.0,True,0
C00350,,Female,South,20,3303.74,60,68.02,7,Gold,171.0,True,0
C00351,54.0,Female,North,64,2299.76,7,399.43,3,Bronze,20.0,False,0
C00352,70.0,Female,North,6,19198.31,40,420.48,0,Gold,193.0,False,0
C00353,51.0,Female,South,36,6675.06,50,149.35,1,Gold,99.0,False,0
C00354,27.0,Male,North,53,14897.33,92,158.86,9,Bronze,97.0,True,0
C00355,75.0,Male,West,117,9360.68,22,438.42,8,Bronze,205.0,True,0
C00356,51.0,Female,West,120,1216.05,50,21.75,4,Platinum,352.0,False,0
C00357,34.0,Male,West,19,9234.51,35,265.02,7,Silver,76.0,False,1
C00358,61.0,Female,West,108,3321.68,14,237.2,0,Silver,333.0,True,0
C00359,40.0,Female,East,11,4579.0,11,348.16,0,Bronze,190.0,False,1
C00360,39.0,Male,South,90,2865.88,37,90.06,5,Bronze,356.0,True,0
C00361,66.0,Male,South,102,3439.1,9,337.48,6,Silver,140.0,True,0
C00362,68.0,Female,South,107,1117.96,7,194.6,10,Gold,364.0,False,0
C00363,48.0,Female,West,27,11173.32,36,313.17,8,Bronze,241.0,True,0
C00364,39.0,Male,South,108,718.87,21,29.65,2,Gold,245.0,True,0
C00365,68.0,Female,South,14,14104.31,56,236.25,8,Silver,206.0,True,1
C00366,28.0,Male,East,63,571.2,2,265.9,5,Bronze,165.0,False,0
C00367,61.0,Male,South,57,3228.05,31,115.02,9,Bronze,192.0,True,0
C00368,51.0,Male,South,38,3489.83,46,78.42,1,Bronze,311.0,False,0
C00369,67.0,Female,North,3,9398.12,97,102.35,0,Silver,290.0,True,0
C00370,42.0,Female,North,93,11530.38,64,178.63,0,Silver,9.0,True,0
C00371,66.0,Female,North,41,5034.92,89,57.44,10,Silver,254.0,True,0
C00372,18.0,Male,South,80,,35,474.19,0,Bronze,305.0,True,0
C00373,61.0,Other,West,50,8650.39,45,208.45,10,Silver,272.0,True,0
C00374,22.0,Female,South,45,15733.64,43,406.4,7,Silver,182.0,True,0
C00375,55.0,Male,East,107,41042.03,89,487.46,1,Silver,123.0,True,1
C00376,29.0,Male,South,12,4091.56,96,49.56,9,Silver,246.0,True,0
C00377,73.0,Male,South,89,36698.65,97,329.32,1,Bronze,243.0,False,0
C00378,62.0,Female,North,90,34567.84,76,436.99,1,Silver,137.0,False,0
C00379,24.0,Male,East,46,13962.88,51,320.77,6,Bronze,149.0,True,0
C00380,69.0,Male,East,32,,55,220.22,3,Bronze,135.0,True,0
C00381,32.0,Female,South,1,24947.57,99,221.23,3,Bronze,17.0,True,1
C00382,49.0,Female,East,113,716.11,29,27.59,2,Silver,12.0,True,0
C00383,22.0,Female,South,114,,35,271.95,6,Silver,31.0,True,0
C00384,24.0,Female,South,29,35926.61,90,496.84,0,Bronze,155.0,True,0
C00385,31.0,Male,East,4,15322.47,39,479.77,2,Gold,187.0,True,1
C00386,48.0,Female,East,15,790.22,24,29.8,6,Gold,150.0,True,0
C00387,49.0,Male,North,9,24235.5,57,355.84,5,Bronze,349.0,False,1
C00388,67.0,Male,South,100,4261.02,33,157.86,7,Silver,83.0,True,0
C00389,27.0,Other,South,108,44762.12,90,452.46,2,Bronze,144.0,True,0
C00390,,Male,West,19,2421.6,91,32.11,7,Platinum,91.0,True,0
C00391,18.0,Male,South,90,15061.31,31,468.58,8,Bronze,110.0,False,0
C00392,34.0,Female,West,22,24561.13,53,420.36,4,Bronze,214.0,True,0
C00393,28.0,Male,East,45,6313.63,99,67.58,2,Silver,114.0,True,0
C00394,25.0,Male,North,72,2371.5,75,39.31,6,Bronze,116.0,False,0
C00395,51.0,Female,South,87,9569.21,22,419.01,6,Silver,245.0,True,1
C00396,70.0,Female,West,105,6196.9,60,86.32,1,Silver,304.0,True,0
C00397,56.0,Female,South,6,15234.58,62,272.1,6,Bronze,78.0,True,0
C00398,67.0,Male,East,24,26514.62,66,458.71,1,Silver,41.0,False,0
C00399,52.0,Female,West,34,734.16,3,288.05,6,Gold,88.0,False,0
C00400,21.0,Female,East,38,6274.89,30,204.64,10,Gold,211.0,False,0
C00401,38.0,Male,North,120,20369.8,86,228.06,5,Silver,351.0,True,0
C00402,65.0,Male,South,94,1142.88,25,40.93,8,Bronze,59.0,True,0
C00403,20.0,Male,South,39,16012.65,30,484.69,3,Bronze,16.0,True,0
C00404,23.0,Female,South,117,6193.81,33,162.22,10,Gold,193.0,False,0
C00405,66.0,Male,West,60,2076.52,18,102.79,8,Gold,362.0,False,0
C00406,21.0,Female,North,61,2159.68,16,150.16,10,Silver,202.0,False,0
C00407,73.0,Other,East,53,17266.38,35,482.54,8,Gold,338.0,True,1
C00408,61.0,Male,West,18,4544.83,88,56.2,7,Bronze,235.0,False,1
C00409,56.0,Female,West,113,405.36,1,434.98,5,Silver,12.0,False,0
C00410,49.0,Male,East,2,12136.33,29,356.84,10,Bronze,157.0,False,1
C00411,23.0,Male,West,21,3129.2,7,416.71,9,Bronze,282.0,False,0
C00412,42.0,Female,South,28,,57,488.19,4,Silver,186.0,True,0
C00413,64.0,Male,East,34,10623.94,26,422.66,0,Bronze,72.0,True,0
C00414,70.0,Female,East,16,38346.57,80,472.26,0,Platinum,67.0,True,0
C00415,43.0,Female,North,3,4237.85,59,72.2,2,Bronze,243.0,True,0
C00416,66.0,Male,North,82,26632.11,79,399.94,0,Gold,170.0,False,0
C00417,63.0,Male,West,117,15882.66,64,277.38,2,Gold,210.0,False,0
C00418,21.0,Male,North,15,12292.04,44,276.31,1,Silver,137.0,False,0
C00419,53.0,Female,South,36,,87,450.47,10,Platinum,124.0,True,0
C00420,53.0,Female,East,61,27364.19,48,486.18,1,Silver,244.0,True,0
C00421,49.0,Male,East,112,28680.51,95,355.37,6,Bronze,3.0,True,0
C00422,62.0,Female,East,84,21684.4,100,246.64,3,Bronze,159.0,False,0
C00423,69.0,Female,West,92,15247.72,59,233.64,1,Bronze,136.0,False,0
C00424,49.0,Female,West,70,11367.97,68,199.31,7,Gold,285.0,False,1
C00425,36.0,Male,West,51,5645.89,26,187.18,10,Silver,266.0,True,0
C00426,75.0,Male,East,24,18045.1,82,201.84,8,Bronze,156.0,True,0
C00427,73.0,Male,West,104,3037.26,68,53.98,10,Bronze,96.0,False,0
C00428,57.0,Male,East,97,4697.32,91,47.94,6,Silver,87.0,True,0
C00429,55.0,Male,East,4,11145.24,27,392.14,7,Gold,78.0,False,0
C00430,24.0,Male,West,86,19916.69,79,228.58,1,Bronze,100.0,True,0
C00431,41.0,Male,West,11,,48,466.04,9,Gold,278.0,True,1
C00432,29.0,Male,North,89,6404.23,19,309.99,8,Silver,17.0,True,0
C00433,47.0,Male,West,100,507.22,18,27.24,2,Gold,10.0,False,0
C00434,65.0,Female,East,16,4616.9,57,87.19,3,Bronze,198.0,True,0
C00435,31.0,Female,West,53,3827.11,32,110.85,6,Silver,82.0,False,0
C00436,75.0,Male,East,15,6350.64,11,488.11,0,Bronze,304.0,False,0
C00437,25.0,Female,West,69,5214.69,43,117.17,8,Bronze,275.0,True,0
C00438,23.0,Male,South,112,18479.38,66,262.72,3,Gold,281.0,False,0
C00439,74.0,Female,North,10,14622.14,32,468.73,0,Silver,167.0,False,0
C00440,23.0,Female,North,48,51734.28,96,488.82,3,Bronze,160.0,True,0
C00441,60.0,Female,South,117,11767.6,78,125.82,9,Gold,156.0,False,0
C00442,62.0,Female,North,37,1530.97,52,34.07,3,Bronze,72.0,True,0
C00443,37.0,Female,South,16,7060.42,94,85.26,5,Silver,208.0,True,0
C00444,21.0,Female,North,59,1833.8,44,41.03,8,Platinum,316.0,True,0
C00445,35.0,Male,North,62,1467.53,14,105.61,0,Silver,94.0,False,0
C00446,21.0,Male,East,80,1187.45,4,288.6,8,Gold,,True,1
C00447,56.0,Female,West,38,35217.35,94,457.1,3,Silver,207.0,True,0
C00448,69.0,Male,North,115,25226.67,96,273.24,7,Gold,146.0,False,0
C00449,75.0,Female,East,63,24215.96,74,316.73,2,Silver,292.0,True,0
C00450,64.0,Female,East,35,1238.83,11,108.91,1,Silver,313.0,False,0
C00451,62.0,Male,East,116,12828.23,30,402.29,8,Bronze,347.0,False,0
C00452,69.0,Male,North,111,1701.33,5,312.72,8,Gold,144.0,True,1
C00453,62.0,Female,East,60,2747.82,6,433.43,10,Bronze,330.0,True,1
C00454,55.0,Male,North,3,13251.7,25,474.93,7,Platinum,44.0,False,1
C00455,75.0,Female,North,72,10989.62,58,180.47,5,Bronze,137.0,True,0
C00456,36.0,Female,South,67,386.37,7,54.38,2,Bronze,,True,0
C00457,41.0,Male,West,18,12457.92,99,120.71,3,Gold,337.0,False,1
C00458,70.0,Female,North,77,8681.16,46,224.54,7,Bronze,220.0,False,1
C00459,36.0,Female,West,101,11621.77,27,473.39,3,Bronze,134.0,False,0
C00460,35.0,Female,West,13,10270.58,52,195.37,5,Gold,,True,0
C00461,26.0,Male,West,87,35641.59,80,387.68,1,Bronze,286.0,False,0
C00462,,Female,South,17,9424.43,32,274.83,4,Bronze,240.0,False,0
C00463,52.0,Female,North,90,,5,99.58,2,Silver,312.0,False,0
C00464,69.0,Male,North,51,1039.98,6,167.16,1,Bronze,160.0,False,0
C00465,25.0,Female,West,1,25225.76,86,330.06,1,Bronze,55.0,False,0
C00466,57.0,Female,North,116,4457.98,12,339.7,5,Bronze,123.0,True,0
C00467,62.0,Male,East,20,16143.47,64,223.03,4,Bronze,227.0,True,0
C00468,69.0,Female,South,72,4937.48,39,122.04,1,Bronze,88.0,True,0
C00469,61.0,Female,West,22,29407.76,78,363.73,5,Bronze,26.0,True,0
C00470,27.0,Female,East,112,607.33,7,92.75,1,Silver,301.0,True,0
C00471,46.0,Male,East,89,41299.84,90,468.97,0,Silver,194.0,True,0
C00472,73.0,Female,West,97,8185.51,70,102.07,1,Bronze,145.0,False,0
C00473,,Other,West,52,3067.66,45,62.58,4,Bronze,202.0,True,0
C00474,53.0,Female,South,57,5372.97,21,253.85,10,Gold,270.0,True,0
C00475,73.0,Male,East,77,24562.21,98,264.58,2,Silver,1.0,True,0
C00476,56.0,Male,East,95,6585.25,31,259.01,3,Silver,,True,0
C00477,21.0,Female,West,102,9599.39,50,223.97,2,Silver,93.0,False,0
C00478,71.0,Male,South,3,17455.08,40,497.46,3,Bronze,34.0,True,0
C00479,27.0,Male,South,80,5656.93,24,248.28,7,Gold,14.0,True,0
C00480,40.0,Male,West,14,12078.03,42,244.19,3,Platinum,161.0,False,0
C00481,31.0,Female,West,35,3473.87,16,216.67,7,Platinum,199.0,True,0
C00482,59.0,Male,East,100,38.21,1,42.74,9,Bronze,186.0,True,0
C00483,19.0,Female,North,31,7341.45,29,300.55,10,Bronze,286.0,False,0
C00484,55.0,Female,South,96,1365.94,12,121.7,6,Bronze,168.0,True,0
C00485,68.0,Other,South,56,15252.32,42,322.43,7,Bronze,216.0,False,0
C00486,63.0,Female,East,28,2895.45,87,34.91,10,Bronze,298.0,False,0
C00487,35.0,Male,East,41,9254.58,17,490.88,8,Silver,240.0,False,0
C00488,70.0,Female,West,64,268.85,1,239.81,3,Bronze,333.0,True,0
C00489,38.0,Male,North,92,4553.4,12,449.41,1,Platinum,81.0,False,1
C00490,57.0,Other,South,73,12932.71,51,243.02,1,Bronze,288.0,False,1
C00491,47.0,Male,East,112,1311.09,28,39.56,9,Bronze,255.0,True,1
C00492,21.0,Female,West,105,19439.18,49,412.88,6,Gold,,False,0
C00493,18.0,Female,North,91,806.29,3,327.61,3,Gold,,True,0
C00494,28.0,Male,West,73,15626.85,34,393.06,3,Bronze,198.0,False,0
C00495,72.0,Female,North,35,10648.34,42,219.8,3,Silver,314.0,True,0
C00496,73.0,Male,North,50,14319.67,44,322.59,8,Bronze,236.0,True,0
C00497,41.0,Male,West,15,24557.58,56,429.55,6,Bronze,,True,0
C00498,74.0,Male,West,45,22310.61,79,319.22,9,Silver,106.0,False,0
C00499,20.0,Male,West,112,9560.1,47,180.36,3,Bronze,208.0,True,0
C00500,74.0,Female,East,52,28428.47,85,334.64,5,Silver,297.0,True,0
C00501,31.0,Female,East,14,14626.13,53,339.21,1,Bronze,163.0,True,0
C00502,20.0,Male,East,79,13928.74,27,480.69,10,Silver,313.0,False,0
C00503,61.0,Female,East,116,5204.97,23,191.75,5,Gold,291.0,True,0
C00504,40.0,Female,East,105,8151.99,33,218.29,6,Bronze,98.0,True,0
C00505,34.0,Female,South,33,22295.05,60,407.94,4,Bronze,72.0,False,0
C00506,62.0,Male,West,55,5293.88,25,257.82,2,Silver,330.0,True,0
C00507,37.0,Female,South,64,40135.37,92,370.92,10,Gold,216.0,True,0
C00508,61.0,Male,East,30,13266.69,48,235.26,5,Silver,,True,0
C00509,29.0,Female,East,33,,87,115.59,7,Gold,337.0,False,0
C00510,22.0,Female,East,29,27358.92,69,375.15,0,Silver,155.0,False,0
C00511,36.0,Female,East,120,2487.4,34,74.27,3,Bronze,17.0,True,0
C00512,53.0,Male,North,90,2388.92,23,107.31,8,Silver,332.0,True,0
C00513,31.0,Male,South,101,20164.86,75,317.14,0,Bronze,214.0,True,0
C00514,26.0,Female,South,98,10726.52,34,376.16,1,Gold,44.0,False,0
C00515,61.0,Male,South,116,10011.57,25,448.4,8,Bronze,194.0,True,0
C00516,46.0,Male,West,13,15312.84,94,143.57,3,Bronze,11.0,True,0
C00517,43.0,Female,West,106,2702.25,49,64.25,3,Silver,106.0,False,0
C00518,31.0,Female,East,8,2130.77,5,478.46,6,Silver,127.0,True,0
C00519,19.0,Male,South,58,4366.8,50,85.67,2,Silver,166.0,True,0
C00520,21.0,Male,North,72,4450.13,47,106.86,0,Silver,207.0,True,0
C00521,57.0,Other,West,43,11498.96,87,152.75,0,Platinum,307.0,True,0
C00522,22.0,Male,West,18,19888.05,72,269.4,0,Gold,129.0,True,0
C00523,32.0,Male,South,24,,20,442.58,1,Gold,269.0,False,0
C00524,70.0,Male,West,99,6431.7,16,382.67,7,Silver,,True,1
C00525,37.0,Male,West,39,25367.64,61,357.0,3,Silver,274.0,True,0
C00526,61.0,Other,East,38,412.3,5,95.84,0,Silver,93.0,False,0
C00527,37.0,Male,North,111,6908.71,32,185.26,0,Silver,248.0,False,0
C00528,72.0,Male,North,18,3972.79,14,244.42,5,Bronze,103.0,False,0
C00529,65.0,Female,West,110,279.2,3,82.24,9,Silver,175.0,False,0
C00530,45.0,Male,East,111,13941.77,92,143.98,3,Bronze,232.0,True,0
C00531,57.0,Male,North,72,1519.39,9,161.08,0,Bronze,108.0,True,0
C00532,41.0,Other,North,20,76.4,1,72.37,2,Gold,2.0,True,0
C00533,72.0,Female,West,19,28287.1,94,279.62,5,Bronze,306.0,True,0
C00534,38.0,Male,South,35,5447.52,19,355.46,2,Silver,266.0,False,0
C00535,66.0,Male,South,70,4295.32,82,44.27,10,Silver,45.0,False,0
C00536,53.0,Male,East,19,1016.66,4,245.75,8,Bronze,138.0,True,0
C00537,55.0,Male,South,55,7000.93,16,393.28,3,Gold,96.0,True,0
C00538,38.0,Female,West,14,4296.45,12,376.52,10,Bronze,357.0,False,1
C00539,66.0,Female,East,65,23397.49,71,409.39,3,Gold,344.0,True,0
C00540,61.0,Female,South,3,14523.65,63,229.64,1,Gold,253.0,True,1
C00541,65.0,Female,South,86,19836.25,48,412.07,10,Bronze,161.0,True,0
C00542,64.0,Male,West,7,3118.62,25,127.97,10,Bronze,20.0,True,1
C00543,27.0,Female,East,24,1573.41,9,186.8,3,Bronze,91.0,True,0
C00544,68.0,Female,West,21,4945.45,57,96.41,6,Bronze,34.0,False,1
C00545,66.0,Male,South,100,5800.9,24,239.07,1,Bronze,289.0,True,0
C00546,32.0,Female,North,7,11521.62,60,202.11,7,Platinum,33.0,True,0
C00547,74.0,Male,West,52,10496.27,69,128.05,7,Bronze,248.0,False,0
C00548,48.0,Female,North,71,27953.8,85,378.37,7,Gold,348.0,True,0
C00549,36.0,Female,West,62,7598.3,50,163.78,6,Bronze,113.0,False,0
C00550,30.0,Male,East,82,131.83,1,143.67,7,Platinum,250.0,False,1
C00551,39.0,Female,North,97,2187.31,29,74.14,6,Bronze,321.0,True,1
C00552,20.0,Male,West,48,19346.15,86,225.02,9,Silver,157.0,True,0
C00553,58.0,Female,North,100,9048.25,54,158.45,1,Silver,164.0,False,0
C00554,59.0,Male,South,39,13969.18,62,190.94,5,Bronze,74.0,False,0
C00555,56.0,Male,South,119,5282.92,46,125.64,4,Gold,157.0,False,0
C00556,,Male,East,61,7030.45,17,383.95,5,Bronze,319.0,True,0
C00557,39.0,Female,East,89,33950.2,90,465.7,1,Silver,243.0,False,0
C00558,59.0,Male,East,106,17928.27,78,253.99,3,Silver,74.0,False,0
C00559,68.0,Female,South,96,32035.25,100,325.07,10,Silver,193.0,True,0
C00560,23.0,Male,East,103,30385.52,86,434.91,1,Bronze,258.0,False,0
C00561,40.0,Male,North,65,15688.11,30,499.43,6,Bronze,29.0,True,1
C00562,75.0,Male,East,6,8652.14,26,310.62,7,Bronze,279.0,True,1
C00563,67.0,Male,North,60,12250.15,25,445.99,5,Bronze,74.0,False,0
C00564,75.0,Female,North,22,42157.9,92,455.22,0,Bronze,108.0,True,0
C00565,28.0,Male,East,107,23203.61,56,397.81,0,Platinum,152.0,True,0
C00566,44.0,Female,North,29,10398.5,46,235.86,3,Silver,185.0,True,0
C00567,25.0,Female,West,28,3941.81,97,49.77,1,Silver,335.0,False,0
C00568,68.0,Female,North,30,908.98,61,17.74,1,Bronze,82.0,True,0
C00569,48.0,Female,North,78,23564.18,91,243.83,1,Bronze,94.0,False,0
C00570,32.0,Female,West,69,29918.16,99,252.21,2,Silver,139.0,False,0
C00571,23.0,Female,North,114,1352.1,8,209.61,9,Bronze,313.0,True,0
C00572,60.0,Female,West,50,10916.58,37,288.4,7,Bronze,353.0,False,0
C00573,65.0,Female,South,34,22845.96,74,280.56,0,Silver,166.0,False,0
C00574,68.0,Female,West,6,38936.09,82,419.94,6,Silver,253.0,True,0
C00575,74.0,Male,West,1,965.75,15,63.24,1,Platinum,335.0,False,0
C00576,65.0,Female,North,45,4035.59,32,120.34,4,Bronze,310.0,True,0
C00577,63.0,Male,South,112,23646.34,55,398.57,0,Silver,249.0,True,0
C00578,65.0,Female,East,63,38922.2,80,425.44,0,Bronze,198.0,True,0
C00579,75.0,Other,West,108,5067.62,12,497.46,1,Bronze,360.0,True,0
C00580,44.0,Female,North,13,31253.42,61,437.73,4,Gold,88.0,True,0
C00581,61.0,Female,North,12,10844.46,30,446.05,5,Bronze,133.0,True,0
C00582,65.0,Female,South,101,4093.95,22,164.03,3,Silver,261.0,True,0
C00583,24.0,Female,North,13,8933.41,52,206.81,6,Silver,8.0,True,0
C00584,58.0,Male,South,7,5211.91,42,141.36,7,Bronze,183.0,True,0
C00585,37.0,Male,North,49,15753.62,64,307.09,8,Platinum,312.0,False,0
C00586,25.0,Male,West,111,14710.98,32,470.01,6,Silver,65.0,True,1
C00587,27.0,Male,West,83,13862.55,83,178.87,6,Gold,294.0,True,0
C00588,24.0,Other,North,12,1961.04,8,282.93,5,Silver,151.0,True,0
C00589,70.0,Female,East,101,13237.39,87,155.19,2,Platinum,315.0,True,0
C00590,62.0,Female,East,102,268.68,3,93.2,5,Bronze,232.0,True,0
C00591,23.0,Male,East,97,8654.32,74,105.64,0,Silver,58.0,True,0
C00592,54.0,Female,West,109,1554.94,35,38.39,10,Gold,269.0,True,0
C00593,56.0,Male,East,29,19661.73,39,475.15,4,Bronze,21.0,False,0
C00594,48.0,Female,East,118,352.5,2,207.41,8,Bronze,89.0,True,0
C00595,53.0,Other,North,39,27295.98,71,418.72,10,Platinum,325.0,True,0
C00596,70.0,Male,North,97,6811.86,17,343.85,5,Silver,320.0,False,0
C00597,48.0,Male,East,70,5737.04,66,104.04,9,Silver,17.0,False,0
C00598,56.0,Male,West,94,6745.49,73,95.98,5,Silver,139.0,True,0
C00599,51.0,Male,South,76,40805.42,85,407.87,1,Gold,35.0,True,0
C00600,40.0,Male,East,78,11707.54,71,139.71,0,Gold,99.0,True,0
C00601,69.0,Male,North,74,13679.05,31,457.51,1,Silver,354.0,True,0
C00602,42.0,Male,South,94,6208.23,74,78.63,10,Bronze,72.0,True,0
C00603,64.0,Male,West,89,27901.4,83,342.08,5,Bronze,235.0,True,0
C00604,53.0,Male,East,17,14418.09,32,409.09,3,Silver,294.0,False,0
C00605,57.0,Female,North,100,1323.49,13,125.28,4,Gold,322.0,False,0
C00606,62.0,Male,West,65,11218.74,90,145.34,2,Silver,130.0,True,0
C00607,60.0,Female,West,39,7569.83,15,482.61,9,Bronze,255.0,True,0
C00608,50.0,Male,South,62,7482.62,60,139.65,10,Bronze,177.0,False,0
C00609,53.0,Male,South,117,5648.11,24,220.68,0,Silver,40.0,True,0
C00610,47.0,Male,East,103,2713.4,13,221.93,7,Gold,,True,0
C00611,37.0,Female,West,101,12067.59,78,133.99,3,Bronze,274.0,True,0
C00612,60.0,Male,South,56,6599.44,15,390.14,0,Silver,251.0,False,0
C00613,68.0,Female,North,95,26322.65,68,388.21,10,Gold,191.0,True,0
C00614,58.0,Male,North,47,15169.51,70,195.38,0,Platinum,286.0,True,0
C00615,62.0,Other,West,83,2665.83,7,419.21,2,Bronze,253.0,True,0
C00616,66.0,Male,West,77,2054.65,18,114.41,0,Platinum,124.0,True,0
C00617,,Male,West,30,851.57,80,12.11,5,Silver,108.0,True,0
C00618,21.0,Female,North,32,16917.42,51,289.87,6,Gold,345.0,False,1
C00619,37.0,Male,North,8,7297.4,13,497.1,3,Bronze,355.0,True,0
C00620,61.0,Male,South,17,3359.53,100,28.94,0,Silver,12.0,False,0
C00621,65.0,Female,North,53,3478.11,27,111.92,1,Silver,289.0,False,1
C00622,47.0,Male,South,58,312.85,1,264.27,10,Bronze,49.0,True,1
C00623,63.0,Male,East,20,33727.13,93,406.87,8,Silver,315.0,True,1
C00624,22.0,Male,South,51,125.79,2,53.63,10,Silver,215.0,False,0
C00625,55.0,Male,North,73,11729.83,56,203.66,5,Silver,252.0,True,1
C00626,57.0,Female,South,28,36441.11,100,376.07,6,Bronze,257.0,True,0
C00627,47.0,Female,East,41,11408.49,58,192.06,8,Silver,221.0,True,0
C00628,59.0,Female,East,45,5668.41,59,102.53,6,Bronze,92.0,False,0
C00629,46.0,Male,South,61,3776.85,39,105.79,4,Platinum,295.0,True,0
C00630,48.0,Female,South,44,2458.24,13,210.92,3,Platinum,203.0,False,0
C00631,53.0,Female,East,89,11832.17,58,244.91,5,Bronze,199.0,True,0
C00632,64.0,Male,North,40,38852.64,90,432.29,0,Bronze,117.0,True,0
C00633,32.0,Female,West,53,3750.62,10,324.7,2,Bronze,4.0,True,0
C00634,35.0,Female,West,46,32612.52,89,348.3,8,Silver,203.0,True,0
C00635,42.0,Female,North,22,20822.98,42,491.66,9,Gold,126.0,True,0
C00636,,Male,West,83,11110.52,54,211.8,1,Silver,241.0,True,0
C00637,37.0,Male,North,29,3479.62,17,207.64,1,Bronze,134.0,True,0
C00638,38.0,Female,South,36,25745.79,63,462.44,0,Bronze,356.0,True,0
C00639,36.0,Female,East,96,2799.36,19,130.48,8,Bronze,249.0,True,0
C00640,41.0,Male,South,114,9051.25,28,367.61,3,Gold,167.0,True,0
C00641,47.0,Male,North,81,30123.02,73,379.74,3,Silver,259.0,True,0
C00642,58.0,Female,North,110,383.66,6,57.92,0,Silver,237.0,False,0
C00643,35.0,Male,East,103,11097.02,45,239.43,10,Bronze,227.0,True,0
C00644,67.0,Male,North,58,7439.94,60,108.28,4,Platinum,211.0,True,0
C00645,45.0,Female,South,93,1293.64,14,100.83,8,Bronze,341.0,True,0
C00646,59.0,Male,South,40,8205.0,30,237.28,7,Gold,116.0,True,0
C00647,24.0,Male,West,56,5801.31,35,151.82,1,Gold,158.0,False,0
C00648,28.0,Male,West,65,30007.85,67,400.07,8,Silver,93.0,True,0
C00649,44.0,Female,West,116,47497.24,98,454.73,6,Gold,208.0,True,0
C00650,39.0,Male,East,102,38573.32,84,403.33,6,Bronze,361.0,True,0
C00651,46.0,Female,East,59,3192.85,19,140.36,2,Silver,223.0,True,0
C00652,27.0,Other,South,79,279.44,2,144.33,9,Bronze,76.0,False,0
C00653,45.0,Female,North,25,910.49,6,134.82,10,Silver,337.0,False,0
C00654,57.0,Female,West,97,5017.31,60,76.17,4,Bronze,289.0,True,0
C00655,60.0,Female,South,67,7416.85,16,472.46,1,Bronze,161.0,True,0
C00656,32.0,Male,South,64,5816.43,24,207.0,9,Bronze,54.0,True,0
C00657,37.0,Female,North,92,9777.4,85,120.1,9,Bronze,147.0,True,1
C00658,48.0,Female,South,76,38367.63,88,424.87,5,Silver,294.0,True,0
C00659,48.0,Female,East,9,14548.89,84,205.61,6,Silver,211.0,True,0
C00660,63.0,Male,South,35,629.86,26,27.21,2,Bronze,68.0,True,0
C00661,40.0,Male,East,22,6294.64,62,89.35,0,Platinum,58.0,True,0
C00662,56.0,Female,North,89,19211.02,62,323.23,10,Platinum,354.0,True,0
C00663,69.0,Male,North,5,7161.93,19,393.62,5,Bronze,164.0,False,1
C00664,35.0,Female,West,25,5703.14,56,113.36,3,Silver,251.0,False,0
C00665,65.0,Male,South,72,24272.83,53,459.52,7,Silver,132.0,True,0
C00666,37.0,Female,South,84,19168.89,40,426.99,0,Gold,33.0,False,0
C00667,37.0,Female,South,61,37468.01,76,425.71,0,Bronze,151.0,True,0
C00668,55.0,Male,East,104,6844.13,68,121.55,2,Gold,254.0,False,0
C00669,54.0,Male,East,111,1933.22,54,34.76,4,Bronze,122.0,True,0
C00670,49.0,Female,South,16,31342.19,73,435.04,4,Bronze,221.0,False,0
C00671,31.0,Male,West,115,12870.3,77,159.84,2,Gold,160.0,True,0
C00672,23.0,Male,West,74,17479.8,57,313.27,3,Silver,124.0,True,0
C00673,70.0,Female,North,77,9905.69,27,382.38,3,Gold,94.0,False,1
C00674,68.0,Male,East,12,5475.08,76,72.86,5,Bronze,96.0,True,0
C00675,69.0,Female,West,75,29195.1,72,392.61,6,Bronze,,True,0
C00676,47.0,Male,South,88,46535.42,99,469.87,9,Bronze,263.0,False,0
C00677,69.0,Male,North,70,5442.18,15,366.9,8,Bronze,124.0,False,0
C00678,45.0,Female,North,11,10708.23,42,226.2,3,Bronze,271.0,False,1
C00679,22.0,Male,East,63,44896.85,93,439.57,9,Silver,114.0,False,0
C00680,29.0,Male,West,113,13073.7,52,268.45,5,Silver,120.0,False,0
C00681,33.0,Female,North,87,39901.84,95,374.94,2,Silver,338.0,True,0
C00682,,Female,East,17,940.68,2,412.05,3,Bronze,320.0,True,0
C00683,72.0,Female,South,116,1299.61,4,377.18,8,Bronze,147.0,False,0
C00684,37.0,Female,South,116,12483.65,80,151.05,9,Silver,99.0,False,0
C00685,53.0,Male,East,21,2229.22,36,67.74,4,Bronze,262.0,True,0
C00686,,Male,West,97,7362.75,53,126.79,1,Gold,26.0,True,0
C00687,55.0,Female,North,49,9873.61,43,256.41,2,Bronze,167.0,False,0
C00688,50.0,Female,North,72,11285.28,41,257.59,1,Silver,219.0,True,0
C00689,26.0,Female,South,54,25056.24,94,295.5,7,Gold,247.0,True,0
C00690,44.0,Male,South,94,2045.08,10,203.6,5,Silver,40.0,False,0
C00691,24.0,Male,East,120,36392.48,78,395.58,4,Silver,2.0,True,0
C00692,69.0,Male,East,96,38780.12,89,457.45,7,Silver,101.0,True,0
C00693,58.0,Female,North,112,9937.86,66,130.9,9,Bronze,44.0,True,0
C00694,72.0,Female,South,114,17725.72,40,370.9,8,Silver,186.0,True,0
C00695,68.0,Male,East,11,6689.86,17,342.21,1,Gold,336.0,False,0
C00696,30.0,Male,South,31,15919.45,69,266.31,6,Platinum,105.0,True,0
C00697,59.0,Male,East,87,5427.12,47,102.38,9,Silver,166.0,True,0
C00698,23.0,Male,South,71,4873.01,15,399.66,8,Bronze,79.0,True,0
C00699,73.0,Female,South,7,16566.97,36,480.71,3,Gold,17.0,True,0
C00700,63.0,Female,North,12,40510.53,97,363.7,4,Silver,257.0,True,0
C00701,57.0,Male,North,63,13350.46,27,459.75,9,Bronze,94.0,True,0
C00702,75.0,Female,North,74,8976.54,18,492.25,0,Bronze,200.0,True,0
C00703,67.0,Other,East,21,12027.67,69,182.5,5,Bronze,250.0,True,0
C00704,68.0,Male,North,21,7260.9,20,322.73,1,Silver,307.0,True,0
C00705,23.0,Male,East,16,24153.18,92,242.23,9,Bronze,68.0,True,0
C00706,19.0,Female,West,68,41900.39,86,493.45,0,Bronze,213.0,True,0
C00707,73.0,Male,East,1,6410.94,99,55.97,0,Bronze,333.0,True,0
C00708,32.0,Female,East,69,17402.09,92,212.06,3,Platinum,177.0,True,0
C00709,42.0,Female,North,58,9528.24,25,439.01,2,Bronze,15.0,True,0
C00710,20.0,Male,South,56,3469.66,22,149.19,5,Bronze,96.0,True,0
C00711,54.0,Male,West,82,16477.57,35,396.02,3,Silver,291.0,False,0
C00712,65.0,Female,South,63,8346.6,47,197.56,3,Bronze,290.0,True,0
C00713,66.0,Male,West,88,38817.36,88,490.19,6,Platinum,115.0,False,0
C00714,51.0,Female,East,92,28050.39,74,442.93,6,Platinum,72.0,False,0
C00715,,Female,South,111,11725.16,65,157.65,10,Silver,107.0,True,0
C00716,47.0,Female,North,96,30359.44,88,387.39,5,Silver,89.0,True,0
C00717,43.0,Female,North,63,11393.37,65,175.06,6,Bronze,271.0,True,0
C00718,50.0,Female,South,60,13962.06,38,307.12,7,Bronze,308.0,True,0
C00719,72.0,Female,South,29,,42,332.66,1,Bronze,18.0,True,1
C00720,,Male,East,72,22147.35,52,416.5,7,Bronze,271.0,True,0
C00721,45.0,Male,East,17,198.79,9,21.98,9,Bronze,275.0,False,0
C00722,52.0,Male,South,112,9928.26,75,117.88,3,Silver,224.0,True,0
C00723,51.0,Male,East,102,22312.47,66,358.84,1,Bronze,319.0,False,0
C00724,19.0,Male,West,15,20414.26,74,286.13,3,Bronze,15.0,False,0
C00725,34.0,Male,East,95,11840.32,54,252.85,3,Silver,256.0,True,0
C00726,55.0,Male,West,15,3208.89,79,37.05,6,Silver,47.0,False,1
C00727,58.0,Male,South,87,19117.25,95,180.66,9,Bronze,328.0,False,0
C00728,60.0,Male,West,11,21137.84,57,433.9,6,Bronze,183.0,True,0
C00729,75.0,Female,South,59,1083.09,45,25.14,1,Bronze,34.0,True,0
C00730,57.0,Female,North,79,2599.85,11,204.25,3,Bronze,273.0,True,0
C00731,51.0,Female,North,88,29562.65,78,473.12,7,Gold,274.0,True,1
C00732,37.0,Female,North,51,2922.76,91,34.93,3,Platinum,170.0,True,0
C00733,39.0,Female,West,111,26996.78,70,377.36,6,Silver,114.0,True,0
C00734,65.0,Female,North,93,11065.48,87,136.23,7,Silver,7.0,True,0
C00735,45.0,Male,West,25,34365.76,87,434.64,3,Gold,332.0,False,0
C00736,59.0,Other,West,81,29565.32,80,375.57,7,Silver,68.0,True,0
C00737,,Male,South,88,19759.36,51,444.0,4,Bronze,308.0,True,0
C00738,25.0,Female,West,41,1171.72,10,115.8,1,Bronze,215.0,True,0
C00739,30.0,Female,West,89,292.68,1,270.33,4,Silver,251.0,False,0
C00740,29.0,Male,West,108,8476.47,21,391.84,4,Silver,254.0,True,0
C00741,53.0,Female,South,99,4803.4,44,130.39,0,Bronze,314.0,True,0
C00742,54.0,Male,South,92,10501.84,75,123.07,9,Bronze,13.0,False,0
C00743,50.0,Male,North,77,,46,23.32,5,Bronze,362.0,True,0
C00744,34.0,Male,West,33,1591.44,3,479.67,0,Bronze,16.0,False,0
C00745,51.0,Male,West,96,7434.85,22,357.91,9,Silver,365.0,True,0
C00746,24.0,Male,East,44,35061.86,98,321.42,9,Silver,96.0,True,0
C00747,45.0,Female,North,64,32724.71,99,374.56,0,Silver,309.0,False,0
C00748,26.0,Female,West,38,8990.35,38,270.49,1,Bronze,31.0,False,0
C00749,22.0,Male,South,38,19684.66,81,243.31,4,Bronze,169.0,False,0
C00750,27.0,Female,East,19,13481.98,72,230.27,5,Gold,198.0,True,0
C00751,24.0,Male,East,116,27094.4,94,323.82,7,Silver,349.0,False,0
C00752,45.0,Male,North,18,10546.01,89,108.75,4,Bronze,46.0,True,0
C00753,49.0,Female,North,11,31829.14,63,445.15,6,Bronze,14.0,False,0
C00754,,Female,North,113,13575.38,40,407.76,0,Gold,237.0,False,0
C00755,43.0,Male,West,67,13166.8,63,181.29,7,Gold,18.0,True,0
C00756,28.0,Male,West,53,10510.43,32,293.52,10,Gold,284.0,True,0
C00757,19.0,Female,South,89,3177.89,35,79.1,5,Silver,14.0,True,0
C00758,59.0,Female,South,46,32028.67,61,486.45,5,Silver,355.0,True,0
C00759,74.0,Male,South,16,28068.3,58,452.42,3,Silver,195.0,True,1
C00760,34.0,Male,South,88,27515.51,59,461.73,10,Bronze,347.0,True,0
C00761,29.0,Male,East,22,7149.41,39,172.76,0,Silver,47.0,True,1
C00762,36.0,Female,South,67,4446.48,41,92.88,3,Silver,100.0,True,0
C00763,30.0,Female,East,114,191.18,2,113.77,1,Bronze,167.0,True,0
C00764,30.0,Female,South,113,3056.9,61,54.1,9,Gold,11.0,False,0
C00765,46.0,Male,East,44,3310.37,58,68.85,5,Bronze,38.0,True,0
C00766,63.0,Female,West,94,4975.97,94,44.94,10,Bronze,121.0,True,0
C00767,59.0,Female,North,74,24692.79,51,495.01,7,Bronze,270.0,False,0
C00768,73.0,Male,North,58,2328.22,47,46.29,6,Gold,259.0,False,1
C00769,38.0,Female,East,17,596.24,7,74.95,5,Platinum,,True,0
C00770,46.0,Male,North,46,9938.5,20,415.35,2,Silver,22.0,True,0
C00771,40.0,Male,North,79,8653.08,34,294.32,6,Platinum,240.0,True,1
C00772,20.0,Female,West,119,16572.53,38,389.46,7,Gold,132.0,False,0
C00773,40.0,Male,South,1,13638.51,37,319.15,10,Gold,290.0,False,1
C00774,33.0,Other,East,87,14498.5,40,442.27,6,Gold,109.0,False,0
C00775,45.0,Female,West,102,27386.07,77,322.85,10,Bronze,133.0,False,0
C00776,27.0,Male,North,115,3505.49,14,265.84,10,Gold,,True,0
C00777,61.0,Male,South,51,12940.51,34,359.25,5,Silver,,True,0
C00778,66.0,Female,North,15,3918.64,17,229.22,4,Gold,258.0,False,0
C00779,73.0,Male,South,33,5031.7,31,179.57,1,Bronze,173.0,False,0
C00780,22.0,Female,North,103,14093.61,69,239.15,2,Gold,241.0,True,0
C00781,24.0,Male,West,106,394.43,5,93.16,9,Platinum,29.0,True,0
C00782,74.0,Male,South,77,11451.23,34,400.32,1,Bronze,196.0,True,0
C00783,67.0,Female,North,15,436.0,3,137.74,4,Platinum,168.0,False,0
C00784,52.0,Male,North,15,7695.77,96,85.23,7,Bronze,333.0,True,0
C00785,36.0,Female,North,58,8460.3,73,130.71,2,Bronze,155.0,False,0
C00786,48.0,Female,North,71,11376.18,25,422.61,10,Bronze,,True,0
C00787,49.0,Male,North,4,3692.81,20,171.8,7,Gold,255.0,True,1
C00788,67.0,Female,East,83,3515.83,10,346.16,0,Silver,55.0,False,0
C00789,48.0,Female,West,66,24210.73,48,429.64,2,Bronze,332.0,True,1
C00790,19.0,Female,West,2,3487.32,76,48.09,8,Silver,140.0,False,1
C00791,58.0,Male,West,12,25757.28,59,384.86,9,Bronze,287.0,False,0
C00792,63.0,Male,West,55,11876.14,89,160.76,10,Silver,240.0,False,0
C00793,35.0,Female,South,87,4454.86,35,116.14,9,Gold,170.0,True,0
C00794,24.0,Female,South,100,11633.05,28,347.56,0,Silver,214.0,False,0
C00795,26.0,Female,East,52,24911.61,48,455.8,8,Gold,67.0,True,1
C00796,66.0,Female,South,36,3349.19,21,154.56,1,Silver,28.0,True,0
C00797,,Female,East,117,29730.31,98,288.73,0,Platinum,280.0,True,0
C00798,48.0,Male,West,56,2718.88,19,152.02,7,Bronze,350.0,True,0
C00799,73.0,Female,North,38,14487.23,48,281.6,5,Bronze,315.0,True,0
C00800,21.0,Male,West,54,18483.67,53,314.71,7,Bronze,112.0,True,0
C00801,29.0,Male,West,2,2223.92,6,309.06,9,Silver,131.0,True,0
C00802,66.0,Female,East,37,14785.67,47,315.54,0,Silver,132.0,True,0
C00803,49.0,Female,South,62,2889.73,46,76.19,5,Gold,257.0,True,1
C00804,19.0,Male,South,111,9444.33,26,349.83,9,Bronze,228.0,True,0
C00805,58.0,Female,North,89,3753.38,13,340.63,4,Bronze,291.0,False,0
C00806,26.0,Female,South,94,1546.51,5,344.47,5,Silver,345.0,True,0
C00807,63.0,Female,East,66,43.12,1,46.29,5,Platinum,144.0,True,0
C00808,64.0,Female,East,14,12255.28,49,228.95,9,Bronze,242.0,False,0
C00809,65.0,Male,North,47,1654.34,9,210.43,0,Bronze,183.0,False,0
C00810,44.0,Female,East,120,4365.33,96,52.49,9,Bronze,349.0,False,0
C00811,33.0,Male,West,6,2432.69,25,118.96,8,Silver,130.0,False,1
C00812,69.0,Male,North,106,17148.21,66,226.07,8,Bronze,69.0,False,0
C00813,50.0,Male,North,83,27401.96,68,374.02,4,Bronze,139.0,True,0
C00814,54.0,Male,West,35,5147.19,50,126.16,5,Silver,226.0,False,0
C00815,25.0,Female,East,94,30080.08,89,416.58,4,Bronze,348.0,False,0
C00816,54.0,Male,East,101,3407.42,12,277.44,2,Bronze,303.0,True,0
C00817,,Female,West,6,8383.88,24,382.61,9,Bronze,7.0,False,1
C00818,,Male,East,13,6523.29,26,241.55,5,Platinum,186.0,False,0
C00819,62.0,Male,East,80,3471.3,14,254.61,7,Silver,59.0,False,0
C00820,25.0,Other,North,120,11003.11,30,313.66,1,Bronze,133.0,False,0
C00821,59.0,Female,West,3,13608.55,32,464.71,8,Bronze,345.0,True,1
C00822,73.0,Female,West,80,20711.11,77,250.99,7,Silver,360.0,True,0
C00823,50.0,Female,South,17,6852.52,31,269.04,10,Gold,57.0,True,0
C00824,24.0,Male,East,79,31732.04,88,304.98,1,Bronze,52.0,False,0
C00825,50.0,Female,East,75,34538.2,78,371.38,5,Bronze,255.0,False,0
C00826,48.0,Female,North,11,4507.54,91,45.21,5,Bronze,150.0,False,0
C00827,50.0,Male,North,82,2849.38,11,262.69,5,Silver,158.0,False,0
C00828,33.0,Female,East,108,21624.53,99,245.98,0,Platinum,319.0,False,0
C00829,54.0,Female,East,104,32198.88,62,461.63,5,Silver,337.0,True,0
C00830,33.0,Female,East,4,27287.12,99,251.82,3,Bronze,329.0,False,1
C00831,50.0,Female,South,30,7662.44,36,239.48,6,Gold,286.0,True,0
C00832,52.0,Female,West,29,45320.11,96,481.48,2,Gold,358.0,True,0
C00833,55.0,Male,South,55,13413.41,59,230.78,4,Bronze,263.0,True,0
C00834,64.0,Other,North,18,892.06,8,98.63,6,Bronze,323.0,True,0
C00835,69.0,Male,North,103,5243.35,42,116.29,0,Bronze,198.0,True,0
C00836,,Male,West,94,838.37,14,56.64,8,Gold,19.0,True,0
C00837,64.0,Male,East,98,1035.13,95,10.28,7,Silver,299.0,True,0
C00838,68.0,Female,South,24,6240.3,31,221.65,0,Silver,340.0,False,0
C00839,32.0,Other,North,2,8442.71,23,386.93,0,Gold,114.0,True,0
C00840,34.0,Female,North,110,16926.96,56,369.4,9,Bronze,,False,0
C00841,48.0,Female,North,35,1234.34,43,25.75,3,Bronze,209.0,True,0
C00842,45.0,Other,North,79,2815.37,10,289.29,9,Bronze,238.0,True,0
C00843,58.0,Female,East,110,6845.79,82,85.6,5,Gold,247.0,True,0
C00844,18.0,Male,North,5,35967.06,85,471.13,3,Silver,144.0,True,0
C00845,26.0,Female,North,1,6098.68,75,92.01,3,Bronze,312.0,False,1
C00846,61.0,Male,South,1,20347.63,62,317.05,7,Bronze,297.0,True,1
C00847,65.0,Male,East,19,6219.23,41,169.86,1,Gold,344.0,False,0
C00848,35.0,Male,South,7,14730.48,55,324.37,4,Gold,211.0,True,1
C00849,36.0,Male,North,99,12438.87,53,212.01,3,Silver,29.0,False,0
C00850,50.0,Female,East,73,6176.83,17,382.23,1,Bronze,309.0,False,0
C00851,45.0,Other,South,118,1054.23,9,123.03,3,Platinum,30.0,True,0
C00852,27.0,Male,North,97,11475.67,26,453.84,5,Gold,71.0,True,0
C00853,47.0,Female,East,116,13213.37,46,255.1,7,Silver,105.0,True,0
C00854,65.0,Male,West,29,6004.78,17,380.49,0,Silver,68.0,True,0
C00855,60.0,Male,East,35,5174.15,11,426.37,9,Platinum,265.0,True,1
C00856,65.0,Male,North,102,50502.53,86,499.43,9,Platinum,161.0,True,0
C00857,55.0,Male,South,30,4842.5,38,119.73,7,Silver,81.0,False,1
C00858,68.0,Male,East,7,8641.44,59,150.58,10,Silver,2.0,False,0
C00859,32.0,Male,West,81,7730.77,53,132.71,4,Bronze,79.0,True,0
C00860,20.0,Male,West,97,10098.95,74,138.81,9,Gold,253.0,True,0
C00861,24.0,Male,West,117,21111.37,74,295.4,7,Silver,290.0,True,0
C00862,75.0,Female,West,112,15055.64,30,496.83,6,Bronze,109.0,True,0
C00863,55.0,Male,East,15,39026.18,85,495.24,1,Bronze,27.0,False,0
C00864,32.0,Male,East,93,8575.71,38,268.12,6,Platinum,204.0,True,1
C00865,67.0,Female,East,102,26217.64,84,323.12,9,Gold,286.0,True,0
C00866,35.0,Male,East,84,15025.85,41,431.39,10,Platinum,26.0,True,0
C00867,,Female,East,99,5404.87,12,467.14,4,Silver,291.0,True,0
C00868,32.0,Male,North,101,8654.23,77,109.89,2,Gold,63.0,True,0
C00869,23.0,Female,West,54,1261.33,4,268.99,8,Gold,95.0,True,0
C00870,33.0,Female,North,5,26561.31,78,418.09,0,Bronze,228.0,True,0
C00871,31.0,Female,South,55,831.37,5,158.57,1,Bronze,19.0,True,0
C00872,50.0,Female,South,25,4655.65,21,225.51,6,Platinum,112.0,False,0
C00873,19.0,Male,West,14,24299.66,61,492.95,10,Bronze,51.0,True,0
C00874,31.0,Male,North,15,42114.83,95,492.67,3,Silver,,False,0
C00875,50.0,Male,South,84,15773.05,41,453.99,4,Silver,283.0,True,0
C00876,40.0,Female,South,61,4625.23,13,401.24,3,Silver,84.0,True,0
C00877,54.0,Male,North,65,3097.86,24,141.87,4,Bronze,16.0,False,0
C00878,56.0,Male,North,90,14455.67,90,167.22,0,Gold,79.0,False,0
C00879,73.0,Female,South,66,20542.28,73,278.17,6,Bronze,32.0,True,0
C00880,66.0,Male,West,76,2507.3,11,284.78,6,Gold,228.0,True,0
C00881,31.0,Male,South,11,8690.97,39,257.7,3,Bronze,356.0,False,0
C00882,58.0,Female,West,103,7279.91,27,321.97,2,Silver,62.0,False,0
C00883,54.0,Male,East,54,3856.57,18,210.08,8,Gold,267.0,True,0
C00884,52.0,Female,West,19,29862.0,85,377.1,2,Bronze,133.0,True,0
C00885,64.0,Female,West,98,10961.45,62,173.44,0,Bronze,27.0,True,0
C00886,26.0,Female,East,89,2751.99,18,172.03,0,Gold,252.0,True,0
C00887,39.0,Male,East,7,3865.82,66,72.34,9,Bronze,77.0,True,0
C00888,65.0,Male,North,24,5063.55,42,102.47,4,Bronze,188.0,True,0
C00889,69.0,Female,East,2,2519.28,7,426.76,1,Silver,186.0,False,1
C00890,20.0,Female,North,33,8754.66,45,228.68,9,Platinum,,True,0
C00891,45.0,Female,East,12,1984.73,19,121.66,1,Silver,50.0,False,0
C00892,33.0,Male,East,86,11390.86,25,382.08,3,Bronze,92.0,False,0
C00893,,Male,West,63,25933.26,88,281.45,0,Platinum,270.0,False,0
C00894,21.0,Male,East,118,1531.34,72,20.37,7,Silver,341.0,True,0
C00895,49.0,Male,South,90,2760.04,14,165.02,7,Silver,5.0,True,0
C00896,56.0,Male,South,74,6949.31,86,96.73,8,Silver,152.0,True,0
C00897,48.0,Female,East,62,22868.01,58,331.38,2,Bronze,322.0,True,0
C00898,39.0,Male,South,7,11231.44,88,144.77,3,Bronze,105.0,True,1
C00899,62.0,Female,South,9,,75,41.82,10,Silver,164.0,True,0
C00900,55.0,Female,South,74,1215.15,34,36.92,9,Bronze,331.0,True,0
C00901,70.0,Male,East,1,15193.12,54,295.05,0,Silver,354.0,True,1
C00902,38.0,Female,North,6,1306.82,54,20.64,7,Bronze,240.0,False,1
C00903,31.0,Female,East,27,26362.87,72,425.91,8,Bronze,254.0,False,0
C00904,44.0,Male,South,107,2581.68,25,86.14,6,Bronze,225.0,True,0
C00905,47.0,Male,South,56,9940.44,34,307.22,7,Silver,104.0,False,0
C00906,44.0,Female,South,86,6036.56,25,227.9,0,Gold,324.0,True,0
C00907,66.0,Female,North,50,8084.58,30,227.0,0,Bronze,13.0,True,0
C00908,20.0,Female,East,21,,17,45.18,0,Bronze,22.0,False,0
C00909,48.0,Other,East,45,1886.3,4,403.35,1,Bronze,220.0,True,1
C00910,42.0,Male,West,12,43675.39,95,447.6,10,Gold,306.0,True,0
C00911,30.0,Female,South,93,133.27,8,15.4,6,Bronze,298.0,True,0
C00912,55.0,Female,East,23,7461.35,89,97.52,8,Gold,248.0,True,0
C00913,64.0,Female,East,46,458.96,1,452.91,3,Bronze,138.0,True,0
C00914,49.0,Female,East,118,23293.26,78,279.25,10,Bronze,132.0,True,0
C00915,22.0,Female,East,72,2707.92,33,83.52,2,Gold,156.0,True,0
C00916,22.0,Female,West,56,4902.37,52,109.37,9,Silver,94.0,True,0
C00917,42.0,Male,West,66,8678.74,29,333.39,0,Bronze,153.0,True,0
C00918,56.0,Female,North,95,20846.2,50,365.16,0,Platinum,39.0,True,0
C00919,36.0,Male,South,31,11369.54,46,303.72,0,Bronze,117.0,False,0
C00920,35.0,Female,East,77,,53,477.04,8,Bronze,344.0,False,0
C00921,67.0,Female,East,105,12097.86,40,252.09,2,Bronze,259.0,True,0
C00922,18.0,Female,South,69,6813.41,54,157.13,4,Silver,52.0,False,0
C00923,22.0,Male,North,54,17494.72,83,243.84,5,Gold,105.0,True,0
C00924,27.0,Female,East,18,8765.37,44,186.24,8,Bronze,95.0,True,0
C00925,75.0,Male,East,30,3657.32,37,119.96,3,Platinum,103.0,True,0
C00926,46.0,Male,North,114,471.63,14,32.52,0,Silver,253.0,True,0
C00927,27.0,Male,East,65,7056.64,36,182.58,4,Platinum,327.0,False,0
C00928,36.0,Female,West,37,4826.03,13,358.59,3,Gold,260.0,False,0
C00929,74.0,Male,East,51,342.07,19,19.03,8,Platinum,179.0,True,0
C00930,58.0,Other,West,70,23325.23,96,225.2,8,Silver,59.0,True,0
C00931,30.0,Male,South,65,3040.55,9,325.56,1,Bronze,53.0,True,0
C00932,31.0,Female,North,84,13374.66,49,309.1,8,Silver,298.0,True,1
C00933,22.0,Female,East,31,33635.56,84,390.56,0,Silver,248.0,True,0
C00934,62.0,Female,North,78,45057.35,96,407.15,6,Silver,187.0,False,0
C00935,25.0,Female,North,54,5740.2,15,358.74,4,Gold,211.0,False,0
C00936,34.0,Female,North,113,1014.71,17,60.37,3,Bronze,310.0,False,0
C00937,38.0,Female,West,19,8566.53,38,242.76,5,Gold,298.0,True,0
C00938,54.0,Female,West,18,14282.08,56,305.67,3,Bronze,32.0,True,0
C00939,53.0,Male,South,56,11233.62,96,130.33,8,Platinum,145.0,True,0
C00940,64.0,Male,East,62,521.18,21,30.85,10,Bronze,16.0,False,0
C00941,35.0,Female,South,83,2428.15,17,119.56,8,Bronze,141.0,True,0
C00942,40.0,Female,North,49,5383.21,26,232.9,4,Gold,233.0,True,0
C00943,40.0,Female,West,110,21087.97,88,212.83,5,Gold,77.0,True,0
C00944,20.0,Female,West,57,335.08,4,96.57,4,Gold,55.0,False,1
C00945,60.0,Male,South,16,14746.98,39,413.96,8,Platinum,180.0,False,0
C00946,49.0,Female,South,15,5381.23,12,463.59,6,Bronze,192.0,False,0
C00947,45.0,Female,West,117,1616.45,16,108.66,5,Gold,261.0,True,0
C00948,75.0,Female,South,17,47935.84,92,465.49,4,Bronze,6.0,False,0
C00949,28.0,Female,South,114,22.18,1,18.75,4,Silver,91.0,True,0
C00950,74.0,Female,South,34,17581.38,33,463.23,6,Silver,285.0,True,0
C00951,,Female,South,12,37759.46,92,476.45,7,Bronze,249.0,True,1
C00952,30.0,Other,East,37,1077.92,61,15.91,4,Silver,329.0,True,1
C00953,57.0,Male,North,74,2638.57,8,383.88,8,Gold,298.0,True,0
C00954,61.0,Female,South,52,26586.12,47,485.4,9,Bronze,307.0,False,0
C00955,39.0,Female,South,95,44799.32,98,453.89,4,Platinum,187.0,True,0
C00956,38.0,Male,South,74,18608.48,41,485.65,9,Silver,350.0,True,0
C00957,66.0,Male,South,49,12788.56,53,279.66,1,Bronze,152.0,False,0
C00958,27.0,Female,South,77,2098.88,54,48.3,10,Silver,330.0,False,0
C00959,18.0,Male,South,117,25688.46,67,426.4,3,Bronze,144.0,True,0
C00960,56.0,Female,West,50,6882.71,19,310.78,6,Bronze,163.0,True,1
C00961,70.0,Male,East,19,29250.95,84,311.22,3,Silver,251.0,True,0
C00962,47.0,Male,East,50,25220.14,99,214.45,4,Bronze,146.0,True,0
C00963,25.0,Female,South,101,3657.85,15,290.2,3,Bronze,54.0,False,0
C00964,49.0,Male,West,27,7248.25,82,85.25,7,Gold,328.0,True,1
C00965,,Male,North,114,27577.12,82,372.49,0,Bronze,166.0,True,0
C00966,,Female,East,71,3567.24,75,46.76,9,Gold,339.0,True,0
C00967,53.0,Female,North,73,12965.24,38,367.59,9,Gold,146.0,True,0
C00968,37.0,Male,West,39,18287.82,47,426.0,6,Bronze,356.0,True,0
C00969,54.0,Female,South,111,20886.08,84,241.51,6,Silver,221.0,False,1
C00970,56.0,Female,South,5,3630.53,16,259.82,7,Bronze,281.0,True,0
C00971,57.0,Female,North,36,13360.32,83,162.98,2,Silver,276.0,False,0
C00972,39.0,Male,West,51,47828.91,93,485.03,8,Bronze,74.0,True,0
C00973,51.0,Male,South,58,21687.77,69,369.23,2,Platinum,298.0,False,0
C00974,20.0,Female,South,57,7828.2,35,190.8,7,Bronze,345.0,True,0
C00975,41.0,Female,West,18,5369.23,56,95.66,3,Silver,242.0,True,0
C00976,39.0,Male,North,28,795.72,6,117.59,8,Bronze,346.0,True,0
C00977,49.0,Female,South,12,23681.41,94,237.32,8,Bronze,309.0,True,0
C00978,73.0,Male,North,69,17902.37,35,471.86,2,Silver,244.0,False,0
C00979,73.0,Female,North,43,2410.16,6,369.73,6,Silver,175.0,False,1
C00980,46.0,Female,North,68,10623.61,80,115.47,5,Platinum,313.0,True,0
C00981,55.0,Other,North,71,29751.07,66,431.18,3,Bronze,68.0,True,0
C00982,,Other,West,85,11213.53,63,195.32,6,Bronze,205.0,True,0
C00983,45.0,Male,South,66,2153.29,6,427.34,10,Bronze,298.0,True,0
C00984,57.0,Female,West,78,10175.51,76,128.43,0,Bronze,345.0,False,0
C00985,57.0,Male,South,71,16564.68,64,313.14,10,Gold,98.0,True,0
C00986,73.0,Female,West,79,33283.75,80,464.07,9,Platinum,35.0,False,0
C00987,45.0,Female,North,74,9329.82,83,136.37,5,Gold,122.0,True,0
C00988,70.0,Male,North,38,7840.03,22,349.53,6,Bronze,316.0,False,0
C00989,74.0,Male,North,30,9387.24,22,493.78,4,Silver,192.0,True,0
C00990,51.0,Male,West,95,8136.61,93,83.79,1,Gold,21.0,True,0
C00991,23.0,Male,East,42,3214.27,54,53.32,6,Bronze,44.0,False,0
C00992,39.0,Male,East,66,16904.01,44,340.36,8,Silver,124.0,True,0
C00993,62.0,Female,West,24,4727.76,29,176.47,2,Bronze,126.0,True,1
C00994,51.0,Female,South,52,2930.52,64,44.91,7,Bronze,50.0,True,0
C00995,72.0,Female,East,64,18925.68,76,242.9,8,Gold,181.0,True,0
C00996,65.0,Female,East,76,375.24,1,379.35,8,Bronze,175.0,False,0
C00997,21.0,Female,East,64,8903.94,56,149.71,3,Platinum,73.0,False,0
C00998,67.0,Male,East,44,15397.23,100,174.17,4,Bronze,85.0,True,0
C00999,38.0,Female,South,116,14666.59,29,424.39,4,Bronze,243.0,False,0
C01000,65.0,Female,North,62,6445.6,29,264.84,9,Bronze,348.0,True,0
