age,gender,region,tenure_months,annual_spend_usd,num_purchases,avg_order_value,returns_count,loyalty_tier,last_purchase_days,email_opt_in,churned,Target
71.0,0,1,11,3721.94,81,40.41,6,0,67.0,0,0,3
19.0,1,0,93,16984.5,74,234.55,9,3,134.0,1,0,1
67.0,0,1,79,4843.26,56,73.22,7,3,259.0,0,0,3
63.0,1,0,53,7987.33,89,84.64,6,3,20.0,0,0,3
64.0,1,0,52,3518.88,13,319.82,5,0,333.0,0,0,3
27.0,0,1,104,21736.63,93,202.53,2,0,63.0,1,0,2
69.0,1,2,11,39536.56,86,461.71,3,3,288.0,0,0,2
52.0,0,1,84,7269.49,51,166.39,8,0,226.0,1,0,0
41.0,0,0,25,23310.55,74,365.83,0,1,310.0,1,0,2
57.0,1,2,12,13442.85,53,235.94,0,0,283.0,0,0,3
37.0,1,2,64,7371.57,27,333.38,4,3,189.0,1,0,1
34.0,0,1,118,22233.01,80,303.85,8,3,276.0,0,0,2
34.0,0,2,89,5171.01,25,241.66,7,1,127.0,0,1,3
51.0,1,2,92,14858.31,32,475.53,6,0,214.0,1,1,0
52.0,2,1,87,8935.39,52,177.93,5,0,334.0,0,0,3
31.0,0,3,95,8206.59,84,96.85,1,0,31.0,1,0,0
32.0,0,2,62,12171.92,39,342.27,3,3,130.0,1,0,1
72.0,1,1,16,17253.68,50,424.54,0,0,7.0,1,0,0
47.0,0,0,101,155.4,5,29.72,8,1,196.0,1,0,0
67.0,0,2,55,2624.23,12,230.32,8,0,286.0,0,0,3
37.0,1,2,61,2846.39,6,447.32,2,0,15.0,1,0,0
34.0,2,0,45,2545.99,8,377.31,3,3,201.0,0,0,3
34.0,0,1,22,34758.71,87,495.99,3,1,152.0,0,0,2
63.0,0,1,94,27191.23,83,333.4,5,1,81.0,1,0,2
47.0,0,1,78,909.1,6,158.22,8,3,60.0,0,0,3
35.0,0,1,49,4265.27,8,474.29,4,1,35.0,1,0,0
73.0,0,1,99,5226.96,29,189.5,7,3,149.0,0,0,3
51.0,1,2,66,21454.69,57,371.87,5,0,178.0,1,0,2
40.0,1,3,54,7320.31,34,207.54,3,3,336.0,0,0,3
50.0,0,1,28,6567.94,18,362.69,7,0,63.0,1,0,0
54.0,1,3,12,18002.79,74,259.38,8,3,256.0,0,0,3
71.0,0,0,67,14085.11,32,454.47,10,3,23.0,1,0,1
27.0,1,3,8,27305.31,75,327.07,1,0,239.0,0,1,2
75.0,0,2,103,19038.72,91,177.76,6,3,93.0,1,0,1
49.0,0,2,100,339.74,2,210.0,3,1,218.0,1,0,0
19.0,1,0,34,10329.82,44,225.62,4,0,166.0,1,0,0
24.0,1,0,76,6574.58,83,71.65,2,0,348.0,0,0,3
45.0,1,0,20,3564.98,71,54.94,4,0,105.0,0,0,3
53.0,1,1,91,32322.29,86,337.07,4,0,331.0,1,0,2
32.0,1,3,85,14646.84,42,331.2,3,2,229.0,0,0,3
39.0,0,2,43,14907.73,38,334.83,8,3,274.0,1,0,1
60.0,1,3,9,1666.97,71,19.69,6,0,62.0,1,0,0
74.0,1,2,117,2222.2,16,170.01,5,0,7.0,0,0,3
46.0,1,1,54,2509.8,24,106.93,1,2,267.0,0,0,3
42.0,1,3,108,24317.3,61,391.29,6,0,176.0,1,1,2
38.0,2,0,82,24837.45,67,431.71,1,1,113.0,1,0,2
25.0,1,1,94,1467.6,12,130.87,3,0,328.0,1,0,0
21.0,1,1,92,20554.72,51,337.25,4,0,120.0,1,0,0
66.0,0,1,24,2189.97,37,73.39,1,3,159.0,1,0,1
20.0,0,1,44,7245.51,51,144.82,4,0,265.0,0,0,3
65.0,0,3,57,8507.77,96,77.94,2,3,352.0,1,0,1
32.0,0,1,60,1107.52,8,148.93,9,0,329.0,1,0,0
58.0,0,1,6,33786.76,100,340.62,9,1,239.0,0,1,2
61.0,2,3,19,8435.09,78,109.24,6,1,40.0,1,1,0
60.0,1,1,90,10101.98,43,275.62,7,0,253.0,0,0,3
33.0,0,0,82,9288.36,32,353.68,4,1,186.0,1,0,0
52.0,0,0,111,43828.43,78,476.93,5,2,49.0,1,0,2
55.0,0,0,90,19319.35,69,308.93,8,0,254.0,1,0,0
42.0,1,2,44,2028.29,15,135.0,4,0,344.0,1,0,0
20.0,0,3,117,18791.29,71,316.48,0,1,24.0,1,0,2
70.0,1,3,50,12307.36,76,167.04,4,0,302.0,1,1,0
74.0,1,3,109,19161.6,93,205.84,4,1,146.0,0,0,2
72.0,0,1,45,26717.52,65,345.86,2,0,262.0,1,0,2
19.0,0,0,10,656.8,34,21.38,1,3,91.0,1,1,1
60.0,1,3,57,412.81,2,206.03,10,3,58.0,1,0,1
54.0,1,0,96,34129.53,68,438.8,1,0,352.0,0,0,2
31.0,1,3,23,6354.89,21,309.01,7,1,128.0,1,0,0
65.0,0,2,56,15767.01,76,227.53,7,0,62.0,0,0,3
24.0,0,3,16,28367.81,53,468.61,6,0,252.0,1,0,2
73.0,1,0,58,2889.21,17,167.89,0,0,284.0,1,0,0
61.0,0,0,40,23730.97,72,276.83,3,1,26.0,1,0,2
24.0,0,0,28,3717.17,17,250.01,2,0,190.0,1,0,0
26.0,1,2,68,12363.82,42,319.78,6,3,148.0,1,0,1
32.0,1,0,81,11854.65,84,173.71,6,0,350.0,0,0,3
22.0,1,3,113,11536.68,93,129.66,9,3,191.0,0,0,3
28.0,1,1,53,39835.46,99,457.21,4,1,338.0,0,0,2
51.0,1,1,20,47618.0,96,462.7,2,1,91.0,1,0,2
18.0,1,2,100,20679.7,56,423.23,10,2,173.0,0,0,2
34.0,1,2,76,10994.25,21,489.32,7,3,298.0,1,1,1
36.0,1,0,85,28523.59,84,375.05,8,1,59.0,0,0,2
74.0,0,0,38,36047.49,100,383.67,4,2,283.0,1,0,2
67.0,0,1,93,17607.81,66,245.5,4,3,248.0,0,0,3
37.0,1,2,100,3457.95,15,233.66,8,1,89.0,1,0,0
48.0,0,0,53,6151.85,51,127.71,2,0,299.0,1,0,0
47.0,0,2,97,16737.14,45,325.96,10,3,308.0,1,0,1
67.0,1,0,102,13271.73,85,151.77,1,1,107.0,0,0,3
61.0,1,0,47,4828.98,40,136.33,5,0,215.0,1,0,0
70.0,1,2,108,11374.11,33,297.12,3,0,23.0,1,0,0
49.0,0,2,35,1778.55,9,210.89,7,2,144.0,0,1,3
71.0,1,3,29,8032.08,84,117.24,7,3,55.0,1,1,1
61.0,1,3,82,31082.84,76,409.87,10,0,204.0,0,0,2
60.0,0,1,77,1833.72,5,431.68,8,0,201.0,1,1,0
56.0,2,0,17,3631.22,44,92.17,2,0,195.0,1,0,0
37.0,1,2,100,721.55,48,13.68,2,3,248.0,0,0,3
53.0,0,1,24,6998.16,47,174.7,9,2,338.0,1,0,1
38.0,0,0,97,41398.79,92,400.78,5,2,72.0,0,0,2
55.0,0,1,1,7916.96,16,421.2,1,3,79.0,1,0,1
32.0,0,2,96,2513.93,31,77.78,9,3,79.0,0,1,3
64.0,0,0,95,8021.56,19,389.42,7,0,339.0,1,0,0
51.0,1,3,94,1809.96,25,66.7,0,1,34.0,0,0,3
59.0,1,2,80,21910.74,91,201.13,8,0,12.0,1,0,2
30.0,0,3,57,44428.72,95,499.32,6,0,59.0,1,0,2
64.0,2,2,34,5510.08,64,85.44,9,1,212.0,1,0,0
26.0,1,1,94,5281.4,24,217.17,5,0,336.0,1,0,0
38.0,0,0,67,5464.64,20,313.64,5,3,75.0,1,0,1
57.0,1,1,56,14647.63,30,467.12,6,3,144.0,1,1,1
68.0,1,3,61,7905.04,20,490.6,2,0,203.0,0,0,3
60.0,0,2,69,2583.37,50,44.12,1,0,27.0,1,0,0
45.0,1,3,5,7031.05,100,77.62,9,0,336.0,1,0,0
70.0,0,2,30,8779.2,73,142.61,5,3,53.0,1,0,1
68.0,0,3,14,19874.59,50,443.58,2,3,308.0,0,1,2
70.0,0,3,53,609.57,2,335.09,2,0,164.0,0,0,3
35.0,2,3,81,474.21,9,64.8,6,2,123.0,1,0,1
43.0,0,1,79,10288.44,27,417.94,8,3,346.0,0,0,3
32.0,1,2,57,2114.22,25,96.41,4,1,190.0,1,0,0
73.0,0,3,103,17590.71,85,217.51,1,0,83.0,0,0,3
68.0,0,3,68,22753.02,85,280.57,2,3,296.0,1,0,2
28.0,1,2,10,20548.35,86,255.38,1,1,262.0,1,1,2
32.0,0,1,92,20632.93,64,346.22,9,0,71.0,1,0,0
50.0,1,2,69,15438.87,56,329.82,3,0,248.0,1,0,0
42.0,0,0,77,26122.31,65,496.1,4,0,230.0,0,0,2
44.0,1,0,68,18047.23,41,499.72,0,0,101.0,1,0,0
39.0,0,3,67,19725.22,68,263.07,4,3,158.0,1,0,1
57.0,1,1,11,5421.74,80,56.65,10,0,307.0,1,1,0
70.0,0,2,68,33070.42,77,366.64,4,0,64.0,0,0,2
71.0,1,2,96,30342.46,62,488.57,7,3,264.0,0,0,2
44.0,0,3,37,1008.56,6,165.98,2,0,304.0,0,0,3
66.0,0,1,73,15949.57,73,235.99,1,0,342.0,0,0,3
58.0,0,1,4,8955.59,37,218.14,8,3,119.0,0,0,3
29.0,1,2,42,2919.58,75,35.2,0,0,98.0,1,0,0
64.0,1,1,53,20852.09,54,339.41,4,0,342.0,1,0,0
38.0,1,0,118,18878.06,89,183.14,3,0,169.0,1,0,0
59.0,1,0,34,43459.38,94,417.74,5,3,188.0,0,0,2
72.0,0,3,50,39350.2,85,412.4,10,0,188.0,1,0,2
73.0,1,2,120,6723.88,34,214.17,0,0,228.0,1,0,0
47.0,1,2,5,17051.02,54,376.92,5,2,144.0,1,0,1
41.0,1,3,29,37136.56,77,402.68,7,0,147.0,1,0,2
43.0,1,0,99,19168.67,69,250.72,1,0,240.0,1,0,0
73.0,1,1,7,32230.29,86,447.59,9,3,299.0,0,1,2
29.0,1,0,103,3165.42,37,80.52,0,1,203.0,1,0,0
48.0,1,0,34,18289.5,51,440.74,9,1,248.0,1,0,0
57.0,0,1,111,2783.44,44,57.09,7,0,151.0,1,0,0
19.0,2,0,36,8684.23,91,85.23,3,0,283.0,0,0,3
54.0,1,0,53,8763.86,31,271.58,0,3,144.0,1,0,1
33.0,0,1,80,2904.54,59,43.08,6,1,154.0,1,0,0
34.0,1,1,16,391.41,13,35.88,0,1,21.0,0,0,3
54.0,1,0,67,802.49,86,10.25,6,0,96.0,0,0,3
18.0,1,0,61,8428.57,39,223.8,8,3,270.0,1,0,1
27.0,1,0,95,11139.52,35,389.57,2,0,32.0,1,0,0
51.0,0,0,80,14932.74,50,329.61,2,2,284.0,0,0,3
24.0,0,3,50,33625.63,85,413.33,2,3,319.0,1,0,2
38.0,0,1,49,4835.93,54,92.32,1,0,152.0,0,0,3
35.0,0,0,51,4908.73,52,81.96,2,3,149.0,0,0,3
48.0,1,1,98,4313.37,11,431.79,7,3,186.0,1,0,1
35.0,0,1,39,1435.29,3,413.33,3,1,282.0,1,0,0
18.0,1,3,21,10638.56,40,274.08,8,0,172.0,0,0,3
48.0,1,1,41,38307.33,100,411.41,9,1,64.0,0,0,2
67.0,1,0,3,5106.53,92,55.45,8,0,158.0,0,1,3
51.0,1,0,13,12386.49,63,203.3,5,0,93.0,1,0,0
38.0,0,3,11,21469.67,64,371.52,3,0,250.0,0,0,2
45.0,1,0,93,5451.84,40,136.15,10,0,53.0,0,0,3
26.0,1,0,87,5866.26,18,378.64,2,0,223.0,0,0,3
31.0,0,3,84,241.83,1,257.05,5,3,48.0,1,0,1
43.0,2,3,56,13177.3,34,377.63,4,0,355.0,1,0,0
52.0,0,0,87,7342.63,32,237.69,8,0,234.0,1,0,0
46.0,0,1,20,4298.45,20,190.27,6,0,51.0,0,0,3
73.0,0,1,109,2755.37,26,117.4,8,0,350.0,0,0,3
54.0,1,2,61,399.53,3,112.11,10,1,210.0,1,0,0
19.0,1,0,113,25699.68,61,378.23,4,2,222.0,1,0,2
48.0,1,0,19,7536.63,93,68.27,9,0,24.0,1,0,0
51.0,1,3,60,4142.66,70,52.13,1,1,69.0,1,0,0
20.0,2,1,84,3716.21,45,96.38,10,1,295.0,0,0,3
40.0,0,1,60,4168.21,43,95.92,1,2,171.0,1,0,1
68.0,2,1,54,11121.5,31,413.32,9,0,225.0,1,0,0
44.0,0,0,46,30717.83,60,495.29,10,3,157.0,1,1,2
30.0,0,1,29,3985.58,57,77.23,1,1,140.0,1,0,0
22.0,0,3,37,386.98,1,330.23,5,1,293.0,1,0,0
36.0,1,2,83,8168.81,42,229.88,9,3,25.0,1,0,1
62.0,1,0,76,5815.7,28,202.53,0,0,167.0,1,0,0
75.0,0,3,73,8596.55,18,438.79,2,1,313.0,0,0,3
56.0,1,1,44,28536.33,71,488.04,0,1,84.0,1,0,2
66.0,0,3,116,24106.13,53,437.7,3,0,111.0,1,0,2
55.0,1,3,11,7513.64,64,104.23,4,3,173.0,1,0,1
56.0,0,3,42,7037.6,72,118.19,6,3,28.0,1,0,1
42.0,1,1,15,32977.23,99,331.48,2,3,26.0,1,0,2
41.0,0,1,116,24830.45,63,370.02,1,1,328.0,1,0,2
68.0,1,2,44,21444.74,88,287.55,10,2,81.0,0,1,2
62.0,1,3,60,47685.45,99,415.99,2,0,156.0,0,0,2
20.0,1,3,84,24114.2,77,358.16,2,0,278.0,1,0,2
29.0,1,2,55,1411.91,66,23.02,0,0,121.0,1,0,0
35.0,0,3,32,3224.12,91,34.23,10,0,320.0,1,0,0
38.0,0,3,92,17229.82,52,304.76,7,0,136.0,1,0,0
75.0,1,3,117,17705.14,73,248.23,8,3,289.0,1,0,1
44.0,1,3,32,3439.03,29,137.49,3,0,304.0,0,0,3
56.0,0,0,94,17564.26,97,215.14,7,0,158.0,1,0,0
55.0,0,1,32,28830.07,63,381.38,0,1,244.0,1,0,2
42.0,1,2,87,32202.59,79,415.04,7,0,44.0,0,0,2
74.0,1,3,95,15391.03,47,285.0,6,3,182.0,1,1,1
30.0,1,2,54,17176.26,87,198.83,3,2,137.0,1,0,1
20.0,1,1,89,1333.9,8,142.64,7,3,349.0,1,0,1
61.0,0,3,33,2663.05,12,265.74,7,0,341.0,1,1,0
55.0,2,2,10,7082.58,51,164.23,4,0,286.0,0,1,3
33.0,2,3,12,24836.65,74,286.41,2,3,347.0,1,0,2
68.0,0,2,54,32618.56,81,341.56,0,3,357.0,1,0,2
32.0,2,2,16,644.18,65,10.52,3,3,217.0,1,0,1
26.0,1,2,55,6263.68,56,114.02,3,3,75.0,1,0,1
28.0,1,2,85,42027.75,97,448.31,7,0,298.0,1,0,2
60.0,0,2,25,18887.72,66,326.68,2,3,71.0,1,0,1
58.0,1,3,87,4589.77,42,94.26,4,0,68.0,1,0,0
55.0,0,2,37,39013.15,97,446.23,7,0,322.0,1,0,2
22.0,0,3,70,19914.75,99,243.28,7,0,52.0,0,0,2
53.0,0,2,66,6111.95,16,468.42,0,3,187.0,0,0,3
24.0,1,1,22,1205.17,29,39.15,4,3,214.0,0,0,3
73.0,1,1,56,8964.53,83,115.44,5,0,17.0,1,0,0
54.0,0,2,103,23347.03,74,297.03,6,2,139.0,0,1,2
62.0,0,0,3,8683.84,98,105.79,1,0,83.0,1,0,0
51.0,0,3,92,30351.32,75,342.97,1,0,111.0,0,0,2
40.0,1,1,60,8085.29,64,114.91,8,2,67.0,0,0,3
57.0,1,0,87,2359.29,35,58.59,7,1,248.0,1,1,0
66.0,1,2,80,95.22,1,111.42,8,3,173.0,1,0,1
28.0,0,2,52,2619.76,13,217.14,2,0,351.0,0,0,3
68.0,0,2,38,2737.14,30,96.31,10,0,4.0,0,0,3
22.0,1,1,17,20220.29,51,431.54,7,0,333.0,0,0,3
72.0,0,1,71,10736.07,78,166.99,1,0,178.0,1,0,0
28.0,1,0,12,17166.49,97,186.77,10,1,256.0,1,1,0
52.0,1,1,78,1638.53,49,37.08,3,0,161.0,1,0,0
25.0,1,2,76,15546.36,88,185.11,8,0,218.0,0,0,3
29.0,0,1,11,12159.06,99,139.76,3,0,332.0,1,1,0
55.0,1,1,91,24053.95,86,309.14,8,3,194.0,1,0,2
57.0,1,1,50,5464.14,47,110.64,4,3,212.0,1,0,1
37.0,0,1,5,42801.3,98,465.54,2,0,182.0,1,0,2
65.0,1,1,22,1492.98,25,58.92,7,0,64.0,1,0,0
67.0,0,2,23,506.3,8,66.51,3,0,253.0,1,0,0
53.0,0,1,80,5379.98,65,69.76,2,2,266.0,1,0,1
66.0,1,2,22,12127.79,55,267.77,8,0,226.0,1,1,0
68.0,1,2,71,39223.12,81,498.37,10,2,222.0,1,0,2
31.0,2,3,96,922.34,27,31.65,1,3,227.0,1,1,1
47.0,1,3,21,22956.66,93,206.62,4,3,61.0,0,0,2
37.0,0,3,36,7466.43,45,168.73,2,2,351.0,1,0,1
47.0,0,1,112,32992.11,83,474.84,9,3,109.0,1,0,2
39.0,1,2,119,7198.06,24,292.66,5,3,288.0,1,0,1
18.0,0,2,70,1378.12,4,405.03,1,0,362.0,1,0,0
71.0,1,0,54,617.24,6,93.47,7,3,88.0,1,0,1
54.0,0,3,42,18659.26,38,489.53,0,3,232.0,0,0,3
44.0,0,2,74,26597.77,96,254.33,3,0,16.0,1,0,2
24.0,0,0,71,1445.58,5,251.9,7,1,233.0,1,0,0
22.0,1,2,36,18898.99,37,485.73,5,3,161.0,1,0,1
45.0,0,1,3,2259.4,11,196.56,8,0,27.0,1,1,0
55.0,0,2,19,21210.48,94,204.79,6,0,246.0,0,0,2
33.0,0,0,116,22926.15,68,296.53,9,3,354.0,1,0,1
61.0,0,2,51,6428.69,77,72.75,6,0,31.0,1,0,0
40.0,1,0,58,9813.77,72,167.33,0,0,326.0,1,0,0
18.0,0,0,57,7063.49,66,104.67,0,3,308.0,1,0,1
49.0,1,2,94,4191.04,78,60.61,8,0,200.0,1,0,0
28.0,1,3,8,497.03,1,434.41,0,0,330.0,1,0,0
18.0,0,1,10,27535.91,87,298.77,4,3,113.0,1,1,2
25.0,0,3,34,13306.87,74,185.75,0,0,263.0,1,0,0
47.0,1,2,81,8287.25,40,221.44,6,2,212.0,1,1,1
75.0,1,3,59,28053.79,81,320.24,1,3,305.0,1,0,2
30.0,0,0,53,15960.16,39,464.12,5,2,320.0,0,0,3
21.0,1,2,113,1955.66,5,467.06,10,1,287.0,1,1,0
29.0,0,3,20,21217.23,91,201.83,0,0,215.0,0,1,2
36.0,0,1,69,4546.75,24,171.34,0,1,357.0,0,0,3
29.0,1,0,66,2235.97,11,231.01,2,0,203.0,1,0,0
36.0,1,0,57,16653.43,63,288.29,9,3,233.0,1,0,1
74.0,1,1,97,6741.8,24,236.29,4,3,69.0,0,0,3
40.0,0,3,33,31003.23,86,332.79,7,0,118.0,1,0,2
54.0,0,3,115,13235.03,45,281.66,0,0,331.0,1,0,0
57.0,1,1,40,154.29,1,167.15,8,2,182.0,1,0,1
32.0,1,1,63,8293.94,52,195.51,7,0,298.0,0,0,3
42.0,1,2,102,1661.09,27,56.37,1,0,120.0,0,0,3
44.0,0,2,53,5077.83,68,91.37,9,3,97.0,0,0,3
18.0,0,0,35,15777.28,54,364.33,3,1,4.0,0,0,3
55.0,1,0,3,657.24,3,200.66,2,1,85.0,1,1,0
35.0,0,1,44,10320.02,76,115.12,3,3,187.0,1,0,1
36.0,1,2,100,12915.99,41,285.71,0,0,265.0,0,0,3
52.0,1,3,2,26312.78,70,380.21,1,0,121.0,0,0,2
73.0,0,3,108,12184.21,90,136.14,6,3,163.0,0,0,3
68.0,1,2,66,25080.57,62,415.13,3,1,81.0,0,0,2
74.0,1,1,17,29369.21,68,464.48,3,1,299.0,1,0,2
41.0,0,1,37,7939.08,26,302.72,8,3,192.0,1,0,1
24.0,0,2,67,7883.46,24,337.78,1,3,53.0,0,0,3
30.0,1,2,38,1560.9,42,35.76,4,3,223.0,1,0,1
37.0,0,2,14,47185.8,86,473.3,2,3,123.0,1,0,2
35.0,1,1,80,12846.15,53,202.32,5,3,316.0,1,0,1
30.0,0,2,81,13465.97,35,462.71,3,3,98.0,1,0,1
28.0,0,2,34,919.7,86,12.26,0,2,255.0,1,0,1
56.0,1,1,30,2473.48,91,28.89,9,3,50.0,1,0,1
46.0,0,3,80,9426.49,30,343.41,0,0,278.0,1,0,0
20.0,0,2,88,17644.55,71,285.71,8,0,264.0,1,0,0
50.0,1,2,88,1525.77,60,23.0,10,3,167.0,1,0,1
66.0,0,3,113,16818.5,45,374.3,5,3,59.0,0,0,3
42.0,1,0,93,19969.98,40,427.55,3,3,175.0,1,0,1
36.0,0,1,39,2470.72,12,253.24,8,1,223.0,1,0,0
40.0,1,1,74,670.42,55,12.68,1,3,125.0,1,0,1
34.0,0,0,110,29286.93,89,395.46,10,1,257.0,0,0,2
71.0,1,2,118,13547.73,87,172.05,10,3,202.0,1,0,1
75.0,0,2,28,9998.67,19,440.59,1,3,363.0,1,0,1
37.0,0,0,29,11584.14,68,192.8,0,0,80.0,0,0,3
71.0,1,0,5,2270.22,9,286.89,7,3,284.0,1,0,1
67.0,1,1,17,9973.33,68,142.47,0,1,156.0,0,0,3
22.0,0,1,67,3101.66,35,88.69,6,2,82.0,0,0,3
46.0,0,3,66,18100.74,45,389.7,0,3,348.0,1,0,1
56.0,1,3,45,17340.43,72,253.33,7,0,228.0,0,0,3
42.0,1,3,38,13267.51,43,272.88,2,3,196.0,1,0,1
44.0,0,3,100,33470.54,81,483.05,1,1,108.0,1,0,2
46.0,0,2,56,25290.35,54,482.15,0,0,322.0,1,0,2
57.0,0,3,97,46184.29,100,429.26,2,1,12.0,1,0,2
35.0,1,3,116,7484.4,64,101.93,5,0,43.0,1,0,0
52.0,0,3,39,8564.3,30,301.19,0,0,66.0,1,0,0
32.0,0,1,25,35273.24,78,440.29,8,0,239.0,1,0,2
69.0,1,1,115,6565.87,41,193.49,6,0,38.0,1,0,0
22.0,1,2,77,2791.17,54,59.54,3,1,291.0,1,0,0
21.0,1,0,35,4720.27,14,407.37,10,3,72.0,1,0,1
20.0,0,3,75,3221.87,12,246.06,7,0,247.0,1,0,0
38.0,1,2,62,15210.93,58,286.55,7,3,291.0,1,0,1
53.0,0,3,109,10169.1,19,491.25,1,0,321.0,0,0,3
75.0,0,3,31,25419.18,100,307.53,7,0,107.0,1,0,2
28.0,0,1,113,15404.4,71,191.29,10,3,277.0,1,0,1
39.0,0,1,22,13271.06,74,214.63,5,0,164.0,1,0,0
25.0,1,1,20,3303.74,60,68.02,7,1,347.0,0,0,3
60.0,0,0,6,19198.31,40,420.48,0,1,210.0,1,0,0
20.0,1,2,36,6675.06,50,149.35,1,1,44.0,1,0,0
63.0,0,1,53,14897.33,92,158.86,9,0,178.0,1,0,0
31.0,0,0,117,9360.68,22,438.42,8,0,1.0,1,0,0
56.0,1,0,120,1216.05,50,21.75,4,2,274.0,1,0,1
65.0,2,2,19,9234.51,35,265.02,7,3,221.0,1,1,1
63.0,0,2,108,3321.68,14,237.2,0,3,36.0,0,0,3
56.0,0,0,11,4579.0,11,348.16,0,0,183.0,1,1,0
58.0,1,0,90,2865.88,37,90.06,5,0,157.0,1,0,0
28.0,1,0,102,3439.1,9,337.48,6,3,246.0,0,0,3
40.0,0,2,27,11173.32,36,313.17,8,0,168.0,0,0,3
53.0,0,0,108,718.87,21,29.65,2,1,304.0,1,0,0
53.0,0,3,14,14104.31,56,236.25,8,3,190.0,1,1,1
63.0,1,1,63,571.2,2,265.9,5,0,298.0,0,0,3
35.0,0,2,57,3228.05,31,115.02,9,0,324.0,1,0,0
68.0,0,1,38,3489.83,46,78.42,1,0,310.0,0,0,3
44.0,0,2,3,9398.12,97,102.35,0,3,349.0,1,0,1
32.0,0,1,93,11530.38,64,178.63,0,3,255.0,0,0,3
25.0,1,1,80,15447.49,35,474.19,0,0,194.0,1,0,0
41.0,0,0,50,8650.39,45,208.45,10,3,75.0,1,0,1
62.0,0,3,107,41042.03,89,487.46,1,3,254.0,1,1,2
32.0,1,2,12,4091.56,96,49.56,9,3,319.0,1,0,1
27.0,2,2,89,36698.65,97,329.32,1,0,257.0,0,0,2
19.0,1,1,90,34567.84,76,436.99,1,3,176.0,1,0,2
23.0,1,0,46,13962.88,51,320.77,6,0,108.0,1,0,0
65.0,1,1,32,13051.32,55,220.22,3,0,360.0,1,0,0
63.0,1,1,1,24947.57,99,221.23,3,0,268.0,1,1,2
47.0,1,3,113,716.11,29,27.59,2,3,320.0,1,0,1
51.0,0,0,114,8187.98,35,271.95,6,3,214.0,1,0,1
29.0,1,0,4,15322.47,39,479.77,2,1,13.0,1,1,0
18.0,0,2,15,790.22,24,29.8,6,1,26.0,1,0,0
56.0,0,1,9,24235.5,57,355.84,5,0,258.0,1,1,2
20.0,0,2,100,4261.02,33,157.86,7,3,82.0,0,0,3
24.0,1,3,108,44762.12,90,452.46,2,0,30.0,1,0,2
63.0,1,1,19,2421.6,91,32.11,7,2,284.0,1,0,1
51.0,0,2,90,15061.31,31,468.58,8,0,227.0,1,0,0
46.0,0,3,22,24561.13,53,420.36,4,0,41.0,1,0,2
30.0,0,2,45,6313.63,99,67.58,2,3,183.0,0,0,3
26.0,1,1,72,2371.5,75,39.31,6,0,172.0,1,0,0
45.0,0,2,87,9569.21,22,419.01,6,3,2.0,0,1,3
38.0,0,0,105,6196.9,60,86.32,1,3,221.0,0,0,3
48.0,0,3,6,15234.58,62,272.1,6,0,145.0,0,0,3
27.0,0,0,24,26514.62,66,458.71,1,3,321.0,0,0,2
31.0,0,1,34,734.16,3,288.05,6,1,43.0,1,0,0
24.0,0,3,38,6274.89,30,204.64,10,1,310.0,0,0,3
42.0,0,3,120,20369.8,86,228.06,5,3,3.0,0,0,2
34.0,0,0,94,1142.88,25,40.93,8,0,279.0,1,0,0
30.0,0,3,39,16012.65,30,484.69,3,0,286.0,1,0,0
49.0,1,3,117,6193.81,33,162.22,10,1,149.0,1,0,0
46.0,0,1,60,2076.52,18,102.79,8,1,103.0,1,0,0
30.0,0,2,61,2159.68,16,150.16,10,3,52.0,1,0,1
58.0,0,0,53,17266.38,35,482.54,8,1,125.0,0,1,3
37.0,1,2,18,4544.83,88,56.2,7,0,245.0,1,1,0
37.0,0,0,113,405.36,1,434.98,5,3,265.0,1,0,1
45.0,0,0,2,12136.33,29,356.84,10,0,67.0,1,1,0
26.0,1,1,21,3129.2,7,416.71,9,0,5.0,1,0,0
51.0,1,1,34,10623.94,26,422.66,0,0,212.0,0,0,3
25.0,2,0,16,38346.57,80,472.26,0,2,358.0,1,0,2
50.0,0,2,3,4237.85,59,72.2,2,0,278.0,0,0,3
20.0,0,1,82,26632.11,79,399.94,0,1,201.0,0,0,2
53.0,1,3,117,15882.66,64,277.38,2,1,217.0,0,0,3
28.0,0,1,36,32408.9,87,450.47,10,2,165.0,0,0,2
38.0,2,2,61,27364.19,48,486.18,1,3,248.0,0,0,2
53.0,1,3,112,28680.51,95,355.37,6,0,72.0,0,0,2
59.0,1,1,84,21684.4,100,246.64,3,0,304.0,1,0,2
45.0,0,2,92,15247.72,59,233.64,1,0,315.0,0,0,3
40.0,0,3,51,5645.89,26,187.18,10,3,167.0,1,0,1
23.0,1,1,104,3037.26,68,53.98,10,0,299.0,0,0,3
59.0,1,0,97,4697.32,91,47.94,6,3,65.0,1,0,1
40.0,0,1,4,11145.24,27,392.14,7,1,125.0,1,0,0
18.0,0,0,86,19916.69,79,228.58,1,0,225.0,0,0,3
58.0,0,2,11,25306.62,48,466.04,9,1,254.0,1,1,2
19.0,1,0,89,6404.23,19,309.99,8,3,108.0,1,0,1
39.0,0,1,100,507.22,18,27.24,2,1,43.0,0,0,3
29.0,1,0,16,4616.9,57,87.19,3,0,186.0,0,0,3
51.0,0,0,53,3827.11,32,110.85,6,3,234.0,1,0,1
21.0,0,1,15,6350.64,11,488.11,0,0,280.0,1,0,0
23.0,1,2,69,5214.69,43,117.17,8,0,2.0,1,0,0
75.0,0,1,10,14622.14,32,468.73,0,3,142.0,0,0,3
20.0,1,0,48,51734.28,96,488.82,3,0,206.0,0,0,2
44.0,0,2,117,11767.6,78,125.82,9,1,2.0,1,0,0
64.0,0,3,37,1530.97,52,34.07,3,0,64.0,1,0,0
34.0,0,2,16,7060.42,94,85.26,5,3,153.0,1,0,1
46.0,1,0,59,1833.8,44,41.03,8,2,102.0,1,0,1
66.0,0,0,62,1467.53,14,105.61,0,3,260.0,1,0,1
60.0,1,0,80,1187.45,4,288.6,8,1,13.0,1,1,0
35.0,0,3,38,35217.35,94,457.1,3,3,325.0,0,0,2
61.0,0,0,115,25226.67,96,273.24,7,1,62.0,1,0,2
57.0,1,0,63,24215.96,74,316.73,2,3,161.0,0,0,2
47.0,1,0,35,1238.83,11,108.91,1,3,361.0,1,0,1
43.0,0,2,116,12828.23,30,402.29,8,0,242.0,0,0,3
71.0,1,0,111,1701.33,5,312.72,8,1,365.0,0,1,3
68.0,0,3,60,2747.82,6,433.43,10,0,8.0,1,1,0
75.0,0,0,3,13251.7,25,474.93,7,2,263.0,1,1,1
57.0,0,0,72,10989.62,58,180.47,5,0,28.0,0,0,3
38.0,1,1,67,386.37,7,54.38,2,0,224.0,1,0,0
24.0,1,2,18,12457.92,99,120.71,3,1,119.0,1,1,0
25.0,1,1,77,8681.16,46,224.54,7,0,284.0,1,1,0
73.0,0,1,101,11621.77,27,473.39,3,0,46.0,0,0,3
39.0,2,2,13,10270.58,52,195.37,5,1,328.0,1,0,0
24.0,0,2,87,35641.59,80,387.68,1,0,176.0,1,0,2
30.0,1,0,17,9424.43,32,274.83,4,0,190.0,1,0,0
19.0,1,3,90,416.33,5,99.58,2,3,209.0,0,0,3
48.0,1,3,51,1039.98,6,167.16,1,0,13.0,1,0,0
52.0,2,2,1,25225.76,86,330.06,1,0,114.0,0,0,2
39.0,1,2,116,4457.98,12,339.7,5,0,259.0,0,0,3
61.0,1,0,20,16143.47,64,223.03,4,0,351.0,1,0,0
45.0,0,2,72,4937.48,39,122.04,1,0,360.0,1,0,0
73.0,0,3,22,29407.76,78,363.73,5,0,196.0,0,0,2
62.0,1,3,112,607.33,7,92.75,1,3,95.0,0,0,3
22.0,0,0,89,41299.84,90,468.97,0,3,175.0,1,0,2
61.0,1,0,52,3067.66,45,62.58,4,0,145.0,1,0,0
49.0,1,3,57,5372.97,21,253.85,10,1,132.0,1,0,0
61.0,1,1,77,24562.21,98,264.58,2,3,317.0,1,0,2
37.0,2,1,95,6585.25,31,259.01,3,3,143.0,1,0,1
20.0,0,0,102,9599.39,50,223.97,2,3,11.0,1,0,1
63.0,0,2,3,17455.08,40,497.46,3,0,264.0,0,0,3
63.0,1,0,80,5656.93,24,248.28,7,1,243.0,0,0,3
55.0,0,2,14,12078.03,42,244.19,3,2,139.0,0,0,3
41.0,2,3,35,3473.87,16,216.67,7,2,230.0,1,0,1
18.0,1,2,100,38.21,1,42.74,9,0,344.0,1,0,0
60.0,2,2,31,7341.45,29,300.55,10,0,338.0,1,0,0
56.0,0,1,96,1365.94,12,121.7,6,0,289.0,0,0,3
56.0,0,1,56,15252.32,42,322.43,7,0,213.0,1,0,0
27.0,1,1,28,2895.45,87,34.91,10,0,11.0,1,0,0
60.0,0,3,41,9254.58,17,490.88,8,3,187.0,0,0,3
60.0,0,2,64,268.85,1,239.81,3,0,299.0,0,0,3
67.0,0,1,92,4553.4,12,449.41,1,2,309.0,1,1,1
50.0,0,2,73,12932.71,51,243.02,1,0,283.0,0,1,3
41.0,0,3,105,19439.18,49,412.88,6,1,189.0,1,0,2
58.0,0,3,91,806.29,3,327.61,3,1,41.0,1,0,0
58.0,0,1,73,15626.85,34,393.06,3,0,182.0,1,0,0
63.0,1,3,35,10648.34,42,219.8,3,3,117.0,0,0,3
67.0,1,2,50,14319.67,44,322.59,8,0,305.0,1,0,0
18.0,1,3,15,24557.58,56,429.55,6,0,284.0,1,0,2
63.0,1,1,45,22310.61,79,319.22,9,3,156.0,0,0,2
63.0,2,0,112,9560.1,47,180.36,3,0,142.0,1,0,0
49.0,1,3,52,28428.47,85,334.64,5,3,59.0,1,0,2
48.0,0,1,14,14626.13,53,339.21,1,0,16.0,1,0,0
59.0,0,3,79,13928.74,27,480.69,10,3,115.0,1,0,1
44.0,0,1,116,5204.97,23,191.75,5,1,88.0,1,0,0
42.0,1,3,105,8151.99,33,218.29,6,0,97.0,1,0,0
64.0,0,0,33,22295.05,60,407.94,4,0,365.0,0,0,2
63.0,0,3,55,5293.88,25,257.82,2,3,249.0,1,0,1
30.0,0,3,64,40135.37,92,370.92,10,1,202.0,1,0,2
66.0,1,2,30,13266.69,48,235.26,5,3,66.0,1,0,1
36.0,0,2,33,10186.72,87,115.59,7,1,308.0,0,0,3
25.0,1,0,29,27358.92,69,375.15,0,3,236.0,1,0,2
31.0,1,2,90,2388.92,23,107.31,8,3,171.0,0,0,3
29.0,1,1,101,20164.86,75,317.14,0,0,202.0,1,0,2
33.0,0,3,98,10726.52,34,376.16,1,1,307.0,1,0,0
46.0,1,1,116,10011.57,25,448.4,8,0,263.0,1,0,0
27.0,0,2,13,15312.84,94,143.57,3,0,178.0,1,0,0
27.0,0,2,106,2702.25,49,64.25,3,3,244.0,0,0,3
40.0,1,2,8,2130.77,5,478.46,6,3,340.0,1,0,1
30.0,1,3,58,4366.8,50,85.67,2,3,120.0,1,0,1
29.0,1,3,72,4450.13,47,106.86,0,3,329.0,1,0,1
70.0,0,0,43,11498.96,87,152.75,0,2,222.0,1,0,1
52.0,0,3,18,19888.05,72,269.4,0,1,68.0,1,0,2
18.0,1,1,24,8384.57,20,442.58,1,1,353.0,0,0,3
23.0,0,3,99,6431.7,16,382.67,7,3,251.0,1,1,1
65.0,1,1,39,25367.64,61,357.0,3,3,141.0,0,0,2
33.0,0,1,38,412.3,5,95.84,0,3,79.0,0,0,3
26.0,0,1,111,6908.71,32,185.26,0,3,335.0,1,0,1
66.0,0,3,110,279.2,3,82.24,9,3,17.0,0,0,3
41.0,1,2,111,13941.77,92,143.98,3,0,233.0,1,0,0
61.0,0,3,72,1519.39,9,161.08,0,0,42.0,1,0,0
42.0,0,2,20,76.4,1,72.37,2,1,108.0,1,0,0
24.0,2,1,19,28287.1,94,279.62,5,0,208.0,1,0,2
64.0,0,2,35,5447.52,19,355.46,2,3,91.0,0,0,3
71.0,0,1,70,4295.32,82,44.27,10,3,188.0,1,0,1
75.0,1,2,19,1016.66,4,245.75,8,0,157.0,1,0,0
23.0,0,0,55,7000.93,16,393.28,3,1,213.0,1,0,0
50.0,1,3,14,4296.45,12,376.52,10,0,293.0,1,1,0
54.0,0,0,65,23397.49,71,409.39,3,1,57.0,0,0,2
22.0,1,1,3,14523.65,63,229.64,1,1,291.0,0,1,3
73.0,2,0,86,19836.25,48,412.07,10,0,82.0,0,0,3
23.0,0,0,7,3118.62,25,127.97,10,0,13.0,1,1,0
33.0,1,1,24,1573.41,9,186.8,3,0,163.0,1,0,0
74.0,0,3,21,4945.45,57,96.41,6,0,111.0,0,1,3
50.0,0,3,100,5800.9,24,239.07,1,0,68.0,1,0,0
57.0,1,0,7,11521.62,60,202.11,7,2,155.0,0,0,3
46.0,0,2,52,10496.27,69,128.05,7,0,318.0,1,0,0
61.0,0,2,71,27953.8,85,378.37,7,1,214.0,1,0,2
22.0,0,2,62,7598.3,50,163.78,6,0,266.0,1,0,0
21.0,0,2,97,2187.31,29,74.14,6,0,28.0,1,1,0
28.0,1,1,48,19346.15,86,225.02,9,3,123.0,0,0,3
47.0,0,1,100,9048.25,54,158.45,1,3,283.0,1,0,1
44.0,1,0,39,13969.18,62,190.94,5,0,324.0,1,0,0
26.0,1,1,119,5282.92,46,125.64,4,1,38.0,0,0,3
64.0,1,2,61,7030.45,17,383.95,5,0,174.0,1,0,0
35.0,1,2,89,33950.2,90,465.7,1,3,145.0,1,0,2
68.0,0,1,106,17928.27,78,253.99,3,3,272.0,0,0,3
18.0,0,3,96,32035.25,100,325.07,10,3,76.0,0,0,2
31.0,0,3,103,30385.52,86,434.91,1,0,177.0,1,0,2
52.0,1,0,6,8652.14,26,310.62,7,0,170.0,1,1,0
41.0,1,1,60,12250.15,25,445.99,5,0,286.0,1,0,0
27.0,0,3,22,42157.9,92,455.22,0,0,228.0,1,0,2
51.0,0,3,107,23203.61,56,397.81,0,2,219.0,1,0,2
73.0,0,2,29,10398.5,46,235.86,3,3,95.0,1,0,1
25.0,1,0,28,3941.81,97,49.77,1,3,363.0,1,0,1
32.0,0,3,30,908.98,61,17.74,1,0,92.0,0,0,3
45.0,1,0,78,23564.18,91,243.83,1,0,340.0,1,0,2
60.0,0,1,69,29918.16,99,252.21,2,3,362.0,1,0,2
25.0,1,2,114,1352.1,8,209.61,9,0,187.0,0,0,3
31.0,0,1,50,10916.58,37,288.4,7,0,318.0,0,0,3
31.0,1,2,34,22845.96,74,280.56,0,3,262.0,1,0,1
53.0,0,3,6,38936.09,82,419.94,6,3,270.0,0,0,2
22.0,1,1,1,965.75,15,63.24,1,2,26.0,0,0,3
56.0,0,3,45,4035.59,32,120.34,4,0,51.0,1,0,0
42.0,1,2,112,23646.34,55,398.57,0,3,26.0,1,0,2
37.0,0,2,63,38922.2,80,425.44,0,0,12.0,1,0,2
68.0,1,0,108,5067.62,12,497.46,1,0,306.0,0,0,3
65.0,1,1,13,31253.42,61,437.73,4,1,65.0,1,0,2
64.0,0,1,12,10844.46,30,446.05,5,0,3.0,1,0,0
69.0,1,2,101,4093.95,22,164.03,3,3,343.0,0,0,3
31.0,1,1,13,8933.41,52,206.81,6,3,102.0,1,0,1
67.0,0,3,7,5211.91,42,141.36,7,0,298.0,1,0,0
28.0,0,0,49,15753.62,64,307.09,8,2,351.0,0,0,3
37.0,0,3,111,14710.98,32,470.01,6,3,191.0,0,1,3
50.0,1,3,83,13862.55,83,178.87,6,1,339.0,0,0,3
61.0,0,2,12,1961.04,8,282.93,5,3,354.0,1,0,1
51.0,0,3,101,13237.39,87,155.19,2,2,53.0,1,0,1
50.0,1,1,102,268.68,3,93.2,5,0,54.0,1,0,0
39.0,0,2,97,8654.32,74,105.64,0,3,136.0,1,0,1
52.0,1,0,109,1554.94,35,38.39,10,1,205.0,1,0,0
45.0,0,2,29,19661.73,39,475.15,4,0,287.0,0,0,3
45.0,0,0,118,352.5,2,207.41,8,0,67.0,0,0,3
51.0,0,3,39,27295.98,71,418.72,10,2,71.0,1,0,2
52.0,0,2,97,6811.86,17,343.85,5,3,112.0,1,0,1
37.0,1,2,70,5737.04,66,104.04,9,3,100.0,1,0,1
25.0,1,0,94,6745.49,73,95.98,5,3,344.0,1,0,1
35.0,0,3,76,40805.42,85,407.87,1,1,145.0,0,0,2
41.0,0,3,78,11707.54,71,139.71,0,1,317.0,1,0,0
27.0,0,3,74,13679.05,31,457.51,1,3,21.0,0,0,3
28.0,1,1,94,6208.23,74,78.63,10,0,38.0,1,0,0
73.0,0,1,89,27901.4,83,342.08,5,0,294.0,1,0,2
34.0,1,0,17,14418.09,32,409.09,3,3,92.0,0,0,3
60.0,1,2,100,1323.49,13,125.28,4,1,31.0,1,0,0
25.0,0,0,65,11218.74,90,145.34,2,3,217.0,1,0,1
30.0,0,0,62,7482.62,60,139.65,10,0,23.0,1,0,0
40.0,2,2,117,5648.11,24,220.68,0,3,149.0,1,0,1
63.0,1,3,103,2713.4,13,221.93,7,1,201.0,1,0,0
49.0,0,0,56,6599.44,15,390.14,0,3,214.0,1,0,1
63.0,0,1,95,26322.65,68,388.21,10,1,9.0,1,0,2
19.0,1,0,47,15169.51,70,195.38,0,2,107.0,0,0,3
19.0,1,2,83,2665.83,7,419.21,2,0,126.0,0,0,3
63.0,1,1,77,2054.65,18,114.41,0,2,107.0,1,0,1
33.0,1,1,30,851.57,80,12.11,5,3,205.0,1,0,1
70.0,1,0,32,16917.42,51,289.87,6,1,84.0,1,1,0
69.0,0,1,17,3359.53,100,28.94,0,3,342.0,1,0,1
75.0,1,1,53,3478.11,27,111.92,1,3,242.0,0,1,3
65.0,0,1,58,312.85,1,264.27,10,0,142.0,1,1,0
40.0,0,2,20,33727.13,93,406.87,8,3,159.0,1,1,2
75.0,0,2,51,125.79,2,53.63,10,3,214.0,0,0,3
38.0,0,0,73,11729.83,56,203.66,5,3,265.0,0,1,3
52.0,0,0,28,36441.11,100,376.07,6,0,111.0,1,0,2
18.0,1,0,41,11408.49,58,192.06,8,3,15.0,1,0,1
73.0,1,3,45,5668.41,59,102.53,6,0,257.0,0,0,3
52.0,0,1,61,3776.85,39,105.79,4,2,242.0,1,0,1
73.0,0,0,44,2458.24,13,210.92,3,2,38.0,0,0,3
38.0,0,1,89,11832.17,58,244.91,5,0,229.0,0,0,3
36.0,2,3,40,38852.64,90,432.29,0,0,27.0,1,0,2
48.0,1,2,53,3750.62,10,324.7,2,0,235.0,1,0,0
68.0,1,2,46,32612.52,89,348.3,8,3,272.0,1,0,2
49.0,0,1,22,20822.98,42,491.66,9,1,6.0,1,0,2
63.0,1,0,83,11110.52,54,211.8,1,3,266.0,1,0,1
62.0,0,3,36,25745.79,63,462.44,0,0,97.0,0,0,2
60.0,0,1,96,2799.36,19,130.48,8,0,258.0,0,0,3
69.0,1,2,114,9051.25,28,367.61,3,1,130.0,0,0,3
21.0,0,3,81,30123.02,73,379.74,3,3,357.0,0,0,2
40.0,1,3,110,383.66,6,57.92,0,3,350.0,1,0,1
23.0,0,3,103,11097.02,45,239.43,10,0,361.0,1,0,0
41.0,1,0,58,7439.94,60,108.28,4,2,39.0,1,0,1
62.0,0,3,93,1293.64,14,100.83,8,0,65.0,1,0,0
55.0,0,1,40,8205.0,30,237.28,7,1,67.0,1,0,0
61.0,1,3,56,5801.31,35,151.82,1,1,214.0,1,0,0
60.0,0,0,65,30007.85,67,400.07,8,3,157.0,1,0,2
75.0,1,2,116,47497.24,98,454.73,6,1,273.0,1,0,2
69.0,1,1,102,38573.32,84,403.33,6,0,103.0,0,0,2
52.0,0,0,59,3192.85,19,140.36,2,3,73.0,1,0,1
68.0,0,1,79,279.44,2,144.33,9,0,237.0,1,0,0
20.0,1,0,25,910.49,6,134.82,10,3,226.0,1,0,1
59.0,0,1,97,5017.31,60,76.17,4,0,253.0,1,0,0
48.0,0,2,67,7416.85,16,472.46,1,0,114.0,1,0,0
73.0,0,1,64,5816.43,24,207.0,9,0,193.0,1,0,0
47.0,1,2,92,9777.4,85,120.1,9,0,339.0,1,1,0
28.0,1,2,76,38367.63,88,424.87,5,3,224.0,0,0,2
59.0,0,1,9,14548.89,84,205.61,6,3,341.0,1,0,1
73.0,1,3,35,629.86,26,27.21,2,0,159.0,0,0,3
18.0,1,3,22,6294.64,62,89.35,0,2,17.0,0,0,3
21.0,0,2,89,19211.02,62,323.23,10,2,278.0,1,0,1
56.0,1,1,5,7161.93,19,393.62,5,0,169.0,1,1,0
50.0,0,3,25,5703.14,56,113.36,3,3,16.0,1,0,1
23.0,0,0,84,19168.89,40,426.99,0,1,115.0,0,0,3
51.0,2,0,61,37468.01,76,425.71,0,0,70.0,0,0,2
50.0,2,1,104,6844.13,68,121.55,2,1,250.0,0,0,3
67.0,0,2,111,1933.22,54,34.76,4,0,224.0,1,0,0
40.0,0,1,16,31342.19,73,435.04,4,0,121.0,0,0,2
38.0,1,0,115,12870.3,77,159.84,2,1,31.0,1,0,0
22.0,2,3,74,17479.8,57,313.27,3,3,29.0,1,0,1
50.0,0,0,77,9905.69,27,382.38,3,1,346.0,1,1,0
55.0,0,0,12,5475.08,76,72.86,5,0,126.0,0,0,3
34.0,1,0,75,29195.1,72,392.61,6,0,40.0,1,0,2
60.0,1,3,88,46535.42,99,469.87,9,0,260.0,1,0,2
72.0,0,1,70,5442.18,15,366.9,8,0,318.0,1,0,0
28.0,0,2,11,10708.23,42,226.2,3,0,45.0,0,1,3
51.0,1,2,63,44896.85,93,439.57,9,3,345.0,1,0,2
58.0,1,0,113,13073.7,52,268.45,5,3,265.0,1,0,1
19.0,0,2,87,39901.84,95,374.94,2,3,92.0,1,0,2
28.0,1,3,17,940.68,2,412.05,3,0,284.0,1,0,0
25.0,1,3,116,12483.65,80,151.05,9,3,232.0,0,0,3
38.0,1,3,21,2229.22,36,67.74,4,0,47.0,0,0,3
26.0,1,1,97,7362.75,53,126.79,1,1,90.0,0,0,3
70.0,0,3,49,9873.61,43,256.41,2,0,283.0,1,0,0
52.0,0,3,72,11285.28,41,257.59,1,3,294.0,1,0,1
37.0,1,1,54,25056.24,94,295.5,7,1,4.0,1,0,2
63.0,1,2,94,2045.08,10,203.6,5,3,79.0,0,0,3
52.0,1,3,96,38780.12,89,457.45,7,3,331.0,0,0,2
57.0,0,2,112,9937.86,66,130.9,9,0,247.0,1,0,0
64.0,1,0,114,17725.72,40,370.9,8,3,258.0,1,0,1
30.0,0,1,11,6689.86,17,342.21,1,1,142.0,1,0,0
52.0,1,0,31,15919.45,69,266.31,6,2,20.0,0,0,3
62.0,1,0,87,5427.12,47,102.38,9,3,280.0,0,0,3
64.0,1,2,71,4873.01,15,399.66,8,0,292.0,1,0,0
28.0,1,2,7,16566.97,36,480.71,3,1,162.0,0,0,3
74.0,1,3,12,40510.53,97,363.7,4,3,185.0,0,0,2
33.0,1,2,63,13350.46,27,459.75,9,0,86.0,1,0,0
40.0,1,2,74,8976.54,18,492.25,0,0,166.0,0,0,3
29.0,2,2,21,12027.67,69,182.5,5,0,89.0,1,0,0
32.0,1,2,16,24153.18,92,242.23,9,0,49.0,1,0,2
60.0,0,3,1,6410.94,99,55.97,0,0,91.0,1,0,0
52.0,0,0,69,17402.09,92,212.06,3,2,265.0,1,0,1
40.0,0,1,58,9528.24,25,439.01,2,0,189.0,1,0,0
49.0,0,2,56,3469.66,22,149.19,5,0,328.0,0,0,3
53.0,0,0,82,16477.57,35,396.02,3,3,81.0,1,0,1
28.0,1,0,63,8346.6,47,197.56,3,0,100.0,1,0,0
35.0,0,3,88,38817.36,88,490.19,6,2,89.0,1,0,2
69.0,0,2,92,28050.39,74,442.93,6,2,231.0,1,0,2
18.0,1,2,111,11725.16,65,157.65,10,3,40.0,0,0,3
73.0,0,0,96,30359.44,88,387.39,5,3,251.0,0,0,2
73.0,1,1,63,11393.37,65,175.06,6,0,299.0,1,0,0
32.0,1,0,60,13962.06,38,307.12,7,0,247.0,0,0,3
36.0,0,3,29,11245.23,42,332.66,1,0,50.0,1,1,0
29.0,1,0,72,22147.35,52,416.5,7,0,180.0,0,0,3
50.0,0,2,17,198.79,9,21.98,9,0,195.0,1,0,0
30.0,2,3,112,9928.26,75,117.88,3,3,143.0,1,0,1
40.0,1,0,15,20414.26,74,286.13,3,0,279.0,1,0,0
74.0,0,3,95,11840.32,54,252.85,3,3,305.0,1,0,1
67.0,0,1,15,3208.89,79,37.05,6,3,110.0,1,1,1
41.0,1,3,87,19117.25,95,180.66,9,0,121.0,1,0,2
52.0,1,0,11,21137.84,57,433.9,6,0,76.0,0,0,2
21.0,0,1,79,2599.85,11,204.25,3,0,200.0,1,0,0
47.0,1,3,88,29562.65,78,473.12,7,1,261.0,0,1,2
45.0,1,1,51,2922.76,91,34.93,3,2,98.0,1,0,1
41.0,2,3,111,26996.78,70,377.36,6,3,79.0,0,0,2
23.0,1,3,93,11065.48,87,136.23,7,3,13.0,1,0,1
66.0,1,2,25,34365.76,87,434.64,3,1,35.0,0,0,2
41.0,0,2,81,29565.32,80,375.57,7,3,19.0,0,0,2
45.0,1,1,88,19759.36,51,444.0,4,0,76.0,0,0,3
41.0,1,2,41,1171.72,10,115.8,1,0,254.0,0,0,3
46.0,0,1,89,292.68,1,270.33,4,3,283.0,1,0,1
55.0,0,3,108,8476.47,21,391.84,4,3,356.0,0,0,3
62.0,0,0,99,4803.4,44,130.39,0,0,199.0,1,0,0
49.0,1,1,92,10501.84,75,123.07,9,0,166.0,1,0,0
27.0,0,3,77,933.26,46,23.32,5,0,329.0,0,0,3
68.0,0,1,33,1591.44,3,479.67,0,0,54.0,1,0,0
34.0,0,0,96,7434.85,22,357.91,9,3,231.0,1,0,1
18.0,0,1,44,35061.86,98,321.42,9,3,299.0,0,0,2
20.0,0,1,64,32724.71,99,374.56,0,3,184.0,1,0,2
62.0,0,1,38,8990.35,38,270.49,1,0,96.0,1,0,0
40.0,0,2,38,19684.66,81,243.31,4,0,227.0,1,0,2
19.0,1,0,19,13481.98,72,230.27,5,1,364.0,0,0,3
65.0,0,3,116,27094.4,94,323.82,7,3,87.0,0,0,2
35.0,0,3,18,10546.01,89,108.75,4,0,206.0,1,0,0
74.0,1,0,11,31829.14,63,445.15,6,0,19.0,1,0,2
69.0,1,0,113,13575.38,40,407.76,0,1,85.0,1,0,0
20.0,0,2,67,13166.8,63,181.29,7,1,280.0,0,0,3
58.0,1,2,53,10510.43,32,293.52,10,1,182.0,0,0,3
52.0,0,3,89,3177.89,35,79.1,5,3,73.0,0,0,3
27.0,0,0,46,32028.67,61,486.45,5,3,123.0,1,0,2
37.0,1,0,16,28068.3,58,452.42,3,3,45.0,1,1,2
46.0,1,1,88,27515.51,59,461.73,10,0,285.0,1,0,2
26.0,0,2,22,7149.41,39,172.76,0,3,345.0,1,1,1
59.0,1,0,67,4446.48,41,92.88,3,3,39.0,1,0,1
34.0,0,2,114,191.18,2,113.77,1,0,87.0,1,0,0
72.0,1,0,113,3056.9,61,54.1,9,1,313.0,1,0,0
64.0,1,3,44,3310.37,58,68.85,5,0,321.0,0,0,3
54.0,0,1,94,4975.97,94,44.94,10,0,281.0,1,0,0
24.0,1,3,74,24692.79,51,495.01,7,0,261.0,1,0,2
19.0,0,3,58,2328.22,47,46.29,6,1,315.0,0,1,3
26.0,0,2,17,596.24,7,74.95,5,2,137.0,1,0,1
46.0,1,3,46,9938.5,20,415.35,2,3,327.0,1,0,1
63.0,1,1,79,8653.08,34,294.32,6,2,324.0,1,1,1
26.0,0,2,119,16572.53,38,389.46,7,1,84.0,1,0,0
59.0,0,1,1,13638.51,37,319.15,10,1,27.0,1,1,0
33.0,0,3,102,27386.07,77,322.85,10,0,277.0,1,0,2
52.0,1,0,115,3505.49,14,265.84,10,1,311.0,1,0,0
66.0,1,0,51,12940.51,34,359.25,5,3,52.0,1,0,1
48.0,0,3,33,5031.7,31,179.57,1,0,281.0,1,0,0
35.0,1,0,106,394.43,5,93.16,9,2,264.0,1,0,1
63.0,0,0,77,11451.23,34,400.32,1,0,107.0,1,0,0
22.0,0,3,15,436.0,3,137.74,4,2,9.0,1,0,1
58.0,0,0,58,8460.3,73,130.71,2,0,271.0,1,0,0
61.0,0,0,71,11376.18,25,422.61,10,0,318.0,1,0,0
30.0,1,2,4,3692.81,20,171.8,7,1,30.0,1,1,0
32.0,1,0,83,3515.83,10,346.16,0,3,170.0,1,0,1
29.0,1,0,66,24210.73,48,429.64,2,0,74.0,0,1,2
40.0,0,0,2,3487.32,76,48.09,8,3,250.0,1,1,1
48.0,1,0,12,25757.28,59,384.86,9,0,285.0,0,0,2
24.0,1,2,55,11876.14,89,160.76,10,3,352.0,1,0,1
50.0,1,1,87,4454.86,35,116.14,9,1,130.0,0,0,3
50.0,1,2,52,24911.61,48,455.8,8,1,114.0,0,1,2
35.0,0,2,36,3349.19,21,154.56,1,3,278.0,0,0,3
73.0,1,0,117,29730.31,98,288.73,0,2,163.0,1,0,2
36.0,1,3,56,2718.88,19,152.02,7,0,9.0,1,0,0
68.0,1,0,38,14487.23,48,281.6,5,0,346.0,1,0,0
28.0,1,3,54,18483.67,53,314.71,7,0,39.0,1,0,0
22.0,1,0,2,2223.92,6,309.06,9,3,339.0,0,0,3
28.0,0,3,37,14785.67,47,315.54,0,3,60.0,1,0,1
42.0,0,3,62,2889.73,46,76.19,5,1,197.0,0,1,3
70.0,0,1,111,9444.33,26,349.83,9,0,115.0,0,0,3
28.0,1,0,89,3753.38,13,340.63,4,0,251.0,0,0,3
58.0,0,3,66,43.12,1,46.29,5,2,135.0,1,0,1
37.0,1,1,47,1654.34,9,210.43,0,0,355.0,1,0,0
59.0,1,1,6,2432.69,25,118.96,8,3,81.0,0,1,3
31.0,1,1,106,17148.21,66,226.07,8,0,25.0,1,0,0
70.0,0,1,83,27401.96,68,374.02,4,0,270.0,0,0,2
22.0,2,2,94,30080.08,89,416.58,4,0,223.0,1,0,2
65.0,1,0,101,3407.42,12,277.44,2,0,9.0,0,0,3
68.0,1,3,6,8383.88,24,382.61,9,0,289.0,1,1,0
43.0,1,0,13,6523.29,26,241.55,5,2,296.0,1,0,1
58.0,1,2,80,3471.3,14,254.61,7,3,345.0,1,0,1
31.0,0,2,120,11003.11,30,313.66,1,0,340.0,1,0,0
67.0,0,3,3,13608.55,32,464.71,8,0,97.0,0,1,3
39.0,0,0,80,20711.11,77,250.99,7,3,260.0,1,0,1
33.0,0,3,17,6852.52,31,269.04,10,1,147.0,0,0,3
47.0,1,1,79,31732.04,88,304.98,1,0,218.0,0,0,2
33.0,1,1,75,34538.2,78,371.38,5,0,122.0,0,0,2
53.0,1,1,11,4507.54,91,45.21,5,0,240.0,1,0,0
61.0,0,0,82,2849.38,11,262.69,5,3,348.0,1,0,1
41.0,0,0,108,21624.53,99,245.98,0,2,239.0,1,0,2
63.0,1,2,104,32198.88,62,461.63,5,3,337.0,1,0,2
74.0,0,0,30,7662.44,36,239.48,6,1,44.0,1,0,0
33.0,1,3,29,45320.11,96,481.48,2,1,352.0,1,0,2
58.0,0,3,55,13413.41,59,230.78,4,0,299.0,1,0,0
49.0,0,2,18,892.06,8,98.63,6,0,156.0,1,0,0
72.0,0,0,103,5243.35,42,116.29,0,0,220.0,1,0,0
30.0,1,1,94,838.37,14,56.64,8,1,226.0,0,0,3
29.0,1,3,98,1035.13,95,10.28,7,3,288.0,1,0,1
68.0,1,1,24,6240.3,31,221.65,0,3,294.0,0,0,3
70.0,0,2,2,8442.71,23,386.93,0,1,38.0,1,0,0
61.0,2,0,110,16926.96,56,369.4,9,0,1.0,1,0,0
45.0,0,3,35,1234.34,43,25.75,3,0,90.0,0,0,3
41.0,1,1,79,2815.37,10,289.29,9,0,193.0,0,0,3
56.0,1,0,110,6845.79,82,85.6,5,1,310.0,1,0,0
61.0,0,1,5,35967.06,85,471.13,3,3,239.0,1,0,2
34.0,1,1,1,6098.68,75,92.01,3,0,50.0,1,1,0
18.0,0,2,1,20347.63,62,317.05,7,0,262.0,1,1,0
22.0,0,0,19,6219.23,41,169.86,1,1,171.0,0,0,3
37.0,1,2,7,14730.48,55,324.37,4,1,135.0,1,1,0
57.0,1,3,99,12438.87,53,212.01,3,3,282.0,1,0,1
43.0,1,0,73,6176.83,17,382.23,1,0,108.0,1,0,0
53.0,1,2,118,1054.23,9,123.03,3,2,226.0,1,0,1
45.0,0,2,97,11475.67,26,453.84,5,1,67.0,1,0,0
32.0,1,2,116,13213.37,46,255.1,7,3,140.0,1,0,1
61.0,1,1,29,6004.78,17,380.49,0,3,204.0,0,0,3
59.0,1,0,35,5174.15,11,426.37,9,2,228.0,1,1,1
73.0,1,3,102,50502.53,86,499.43,9,2,336.0,1,0,2
65.0,0,2,30,4842.5,38,119.73,7,3,106.0,1,1,1
40.0,0,2,7,8641.44,59,150.58,10,3,328.0,1,0,1
58.0,0,3,81,7730.77,53,132.71,4,0,299.0,1,0,0
38.0,0,0,97,10098.95,74,138.81,9,1,132.0,1,0,0
68.0,1,2,117,21111.37,74,295.4,7,3,52.0,0,0,2
53.0,0,1,112,15055.64,30,496.83,6,0,95.0,0,0,3
66.0,1,3,15,39026.18,85,495.24,1,0,241.0,0,0,2
34.0,0,0,93,8575.71,38,268.12,6,2,288.0,0,1,3
18.0,1,0,102,26217.64,84,323.12,9,1,224.0,1,0,2
26.0,1,2,84,15025.85,41,431.39,10,2,265.0,1,0,1
48.0,1,1,99,5404.87,12,467.14,4,3,38.0,1,0,1
54.0,1,3,54,1261.33,4,268.99,8,1,319.0,1,0,0
64.0,0,2,5,26561.31,78,418.09,0,0,142.0,1,0,2
45.0,1,0,55,831.37,5,158.57,1,0,329.0,1,0,0
73.0,0,3,25,4655.65,21,225.51,6,2,46.0,1,0,1
30.0,1,1,15,42114.83,95,492.67,3,3,287.0,1,0,2
68.0,1,1,84,15773.05,41,453.99,4,3,229.0,1,0,1
19.0,1,3,61,4625.23,13,401.24,3,3,226.0,1,0,1
52.0,0,0,65,3097.86,24,141.87,4,0,342.0,0,0,3
43.0,0,3,90,14455.67,90,167.22,0,1,138.0,1,0,2
35.0,1,3,66,20542.28,73,278.17,6,0,61.0,1,0,2
72.0,1,2,76,2507.3,11,284.78,6,1,336.0,1,0,0
26.0,1,2,103,7279.91,27,321.97,2,3,241.0,0,0,3
26.0,0,0,54,3856.57,18,210.08,8,1,98.0,1,0,0
24.0,1,2,19,29862.0,85,377.1,2,0,340.0,0,0,2
35.0,1,1,98,10961.45,62,173.44,0,0,356.0,1,0,0
21.0,0,3,89,2751.99,18,172.03,0,1,174.0,1,0,0
33.0,0,2,7,3865.82,66,72.34,9,0,195.0,0,0,3
62.0,0,0,24,5063.55,42,102.47,4,0,166.0,1,0,0
68.0,1,3,2,2519.28,7,426.76,1,3,156.0,0,1,3
63.0,0,0,33,8754.66,45,228.68,9,2,343.0,1,0,1
46.0,0,0,12,1984.73,19,121.66,1,3,105.0,1,0,1
58.0,0,1,86,11390.86,25,382.08,3,0,351.0,1,0,0
72.0,1,0,63,25933.26,88,281.45,0,2,238.0,1,0,2
21.0,0,3,118,1531.34,72,20.37,7,3,351.0,0,0,3
70.0,0,3,90,2760.04,14,165.02,7,3,224.0,1,0,1
59.0,0,1,74,6949.31,86,96.73,8,3,299.0,1,0,1
40.0,0,1,62,22868.01,58,331.38,2,0,179.0,1,0,2
44.0,0,1,7,11231.44,88,144.77,3,0,169.0,1,1,0
43.0,0,3,9,3290.91,75,41.82,10,3,94.0,1,0,1
27.0,0,2,74,1215.15,34,36.92,9,0,77.0,0,0,3
31.0,1,0,1,15193.12,54,295.05,0,3,14.0,1,1,1
35.0,1,2,6,1306.82,54,20.64,7,0,140.0,1,1,0
18.0,0,0,27,26362.87,72,425.91,8,0,361.0,1,0,2
47.0,0,3,107,2581.68,25,86.14,6,0,343.0,1,0,0
45.0,0,2,56,9940.44,34,307.22,7,3,252.0,1,0,1
37.0,0,3,86,6036.56,25,227.9,0,1,133.0,0,0,3
28.0,0,2,50,8084.58,30,227.0,0,0,190.0,1,0,0
74.0,0,1,21,632.14,17,45.18,0,0,277.0,0,0,3
57.0,1,1,45,1886.3,4,403.35,1,0,1.0,1,1,0
59.0,1,0,93,133.27,8,15.4,6,0,318.0,0,0,3
30.0,0,3,46,458.96,1,452.91,3,0,35.0,0,0,3
57.0,1,0,118,23293.26,78,279.25,10,0,346.0,1,0,2
62.0,1,2,72,2707.92,33,83.52,2,1,224.0,0,0,3
55.0,1,1,56,4902.37,52,109.37,9,3,203.0,0,0,3
50.0,0,3,66,8678.74,29,333.39,0,0,66.0,0,0,3
18.0,1,2,95,20846.2,50,365.16,0,2,180.0,0,0,3
54.0,1,3,31,11369.54,46,303.72,0,0,133.0,0,0,3
53.0,0,0,77,27395.39,53,477.04,8,0,361.0,1,0,2
41.0,1,3,105,12097.86,40,252.09,2,0,124.0,0,0,3
32.0,0,3,69,6813.41,54,157.13,4,3,80.0,0,0,3
74.0,0,0,54,17494.72,83,243.84,5,1,346.0,0,0,3
39.0,1,0,18,8765.37,44,186.24,8,0,69.0,0,0,3
33.0,1,1,30,3657.32,37,119.96,3,2,331.0,1,0,1
58.0,2,1,114,471.63,14,32.52,0,3,352.0,1,0,1
45.0,0,0,65,7056.64,36,182.58,4,2,113.0,1,0,1
50.0,1,0,37,4826.03,13,358.59,3,1,252.0,0,0,3
55.0,0,0,51,342.07,19,19.03,8,2,291.0,0,0,3
39.0,0,2,70,23325.23,96,225.2,8,3,196.0,0,0,2
26.0,1,0,65,3040.55,9,325.56,1,0,255.0,0,0,3
27.0,0,3,84,13374.66,49,309.1,8,3,49.0,1,1,1
72.0,0,1,31,33635.56,84,390.56,0,3,189.0,1,0,2
47.0,1,2,78,45057.35,96,407.15,6,3,188.0,1,0,2
42.0,0,3,54,5740.2,15,358.74,4,1,207.0,0,0,3
59.0,1,2,19,8566.53,38,242.76,5,1,302.0,0,0,3
70.0,1,2,18,14282.08,56,305.67,3,0,221.0,0,0,3
62.0,0,0,56,11233.62,96,130.33,8,2,148.0,1,0,1
48.0,0,2,62,521.18,21,30.85,10,0,148.0,0,0,3
45.0,0,3,83,2428.15,17,119.56,8,0,8.0,1,0,0
68.0,1,1,49,5383.21,26,232.9,4,1,202.0,1,0,0
67.0,0,2,110,21087.97,88,212.83,5,1,93.0,1,0,2
40.0,0,0,57,335.08,4,96.57,4,1,324.0,1,1,0
73.0,1,1,16,14746.98,39,413.96,8,2,283.0,1,0,1
65.0,1,3,15,5381.23,12,463.59,6,0,334.0,1,0,0
25.0,0,2,114,22.18,1,18.75,4,3,157.0,1,0,1
35.0,0,2,34,17581.38,33,463.23,6,3,222.0,1,0,1
62.0,1,3,12,37759.46,92,476.45,7,0,158.0,0,1,2
22.0,2,1,37,1077.92,61,15.91,4,3,102.0,1,1,1
22.0,0,2,74,2638.57,8,383.88,8,1,259.0,1,0,0
19.0,0,2,52,26586.12,47,485.4,9,0,165.0,0,0,2
29.0,0,2,95,44799.32,98,453.89,4,2,344.0,0,0,2
71.0,1,2,74,18608.48,41,485.65,9,3,81.0,0,0,3
59.0,0,0,49,12788.56,53,279.66,1,0,162.0,0,0,3
59.0,1,1,77,2098.88,54,48.3,10,3,194.0,1,0,1
34.0,1,3,117,25688.46,67,426.4,3,0,332.0,0,0,2
54.0,1,3,50,6882.71,19,310.78,6,0,212.0,1,1,0
63.0,1,1,19,29250.95,84,311.22,3,3,26.0,1,0,2
48.0,1,3,50,25220.14,99,214.45,4,0,124.0,1,0,2
67.0,1,2,101,3657.85,15,290.2,3,0,324.0,0,0,3
51.0,2,1,27,7248.25,82,85.25,7,1,100.0,1,1,0
36.0,1,2,114,27577.12,82,372.49,0,0,125.0,1,0,2
55.0,1,3,71,3567.24,75,46.76,9,1,56.0,1,0,0
72.0,1,3,73,12965.24,38,367.59,9,1,263.0,0,0,3
65.0,0,0,39,18287.82,47,426.0,6,0,51.0,1,0,0
46.0,1,3,111,20886.08,84,241.51,6,3,135.0,1,1,1
52.0,0,2,5,3630.53,16,259.82,7,0,260.0,1,0,0
74.0,0,3,36,13360.32,83,162.98,2,3,327.0,0,0,3
61.0,1,0,51,47828.91,93,485.03,8,0,81.0,1,0,2
34.0,1,1,57,7828.2,35,190.8,7,0,44.0,1,0,0
70.0,0,2,18,5369.23,56,95.66,3,3,160.0,1,0,1
74.0,1,1,28,795.72,6,117.59,8,0,365.0,1,0,0
22.0,0,2,12,23681.41,94,237.32,8,0,112.0,1,0,2
19.0,0,3,69,17902.37,35,471.86,2,3,95.0,1,0,1
24.0,1,1,43,2410.16,6,369.73,6,3,146.0,1,1,1
40.0,1,0,68,10623.61,80,115.47,5,2,328.0,0,0,3
69.0,1,2,85,11213.53,63,195.32,6,0,223.0,1,0,0
71.0,2,0,66,2153.29,6,427.34,10,0,285.0,1,0,0
28.0,0,2,78,10175.51,76,128.43,0,0,262.0,1,0,0
66.0,0,2,71,16564.68,64,313.14,10,1,219.0,1,0,0
26.0,0,3,79,33283.75,80,464.07,9,2,205.0,1,0,2
63.0,0,0,74,9329.82,83,136.37,5,1,195.0,1,0,0
39.0,0,2,38,7840.03,22,349.53,6,0,66.0,1,0,0
20.0,1,3,30,9387.24,22,493.78,4,3,152.0,0,0,3
42.0,1,3,95,8136.61,93,83.79,1,1,310.0,0,0,3
65.0,1,3,42,3214.27,54,53.32,6,0,15.0,0,0,3
25.0,1,2,24,4727.76,29,176.47,2,0,207.0,0,1,3
66.0,1,2,52,2930.52,64,44.91,7,0,128.0,1,0,0
35.0,1,1,64,18925.68,76,242.9,8,1,42.0,1,0,0
44.0,1,0,76,375.24,1,379.35,8,0,279.0,0,0,3
24.0,1,3,64,8903.94,56,149.71,3,2,1.0,1,0,1
74.0,1,0,44,15397.23,100,174.17,4,0,199.0,1,0,0
63.0,1,0,116,14666.59,29,424.39,4,0,60.0,0,0,3
55.0,0,3,62,6445.6,29,264.84,9,0,332.0,1,0,0
